DPTO_CCDGO,MPIO_CCDGO,CPOB_CNMBR,CPOB_NANO,CPOB_CSMBL,latitude,longitude,DPNP,DPNP_Dbl,Desplazado,Refugiados,IDPs,TotalImpct,Pop1985,Pop2015
5,2,ABEJORRAL,2011,5,5.78953996,-75.42892042,5002,5002,6697,798,3292,10787,26049,19290
54,3,ÁBREGO,2011,5,8.081204184,-73.22141743,54003,54003,6219,2155,1016,9390,30900,37997
5,4,ABRIAQUÍ,2011,5,6.633863006,-76.0647528,5004,5004,1384,473,375,2232,3067,2128
50,6,ACACÍAS,2008,5,3.991014028,-73.76560234,50006,50006,3541,11977,574,16092,30918,68888
27,6,ACANDÍ,2011,5,8.510949896,-77.27861806,27006,27006,6063,2533,9587,18183,10303,9584
41,6,ACEVEDO,2011,5,1.805529865,-75.88843536,41006,41006,6607,3677,66,10350,16962,32911
13,6,ACHÍ,2011,5,8.56785243,-74.55549177,13006,13006,15231,1107,2522,18860,34166,23051
41,13,AGRADO,2011,5,2.258829788,-75.77170304,41013,41013,309,356,0,665,7099,9061
25,1,AGUA DE DIOS,2011,5,4.375853133,-74.66954561,25001,25001,294,291,0,585,13134,10995
20,11,AGUACHICA,2012,5,8.310120968,-73.60130045,20011,20011,12964,16171,4965,34100,50131,92957
68,13,AGUADA,2011,5,6.162125609,-73.5214455,68013,68013,139,22,1,162,2663,1855
17,13,AGUADAS,2011,5,5.610592234,-75.45423466,17013,17013,2150,597,1083,3830,29027,22081
85,10,AGUAZUL,2011,5,5.169985431,-72.55258534,85010,85010,4499,2252,815,7566,15041,38530
20,13,AGUSTÍN CODAZZI,2012,5,10.04036455,-73.23743145,20013,20013,26044,8767,18249,53060,44004,50829
41,16,AIPE,2011,5,3.222344672,-75.24004108,41016,41016,2514,1370,370,4254,10345,26235
25,19,ALBÁN,2011,5,4.877954801,-74.43830055,25019,25019,591,307,112,1010,5938,5956
18,29,ALBANIA,2011,5,1.329033772,-75.87865221,18029,18029,4121,1315,856,6292,11083,6430
44,35,ALBANIA,2011,5,11.16271115,-72.58875564,44035,44035,1021,2772,589,4382,0,26606
68,20,ALBANIA,2011,5,5.758994636,-73.91406315,68020,68020,349,18,3,370,5804,5096
76,20,ALCALÁ,2011,5,4.674378925,-75.77975916,76020,76020,696,1170,25,1891,14559,21364
52,22,ALDANA,2011,5,0.882243596,-77.70037482,52022,52022,64,67,11,142,5686,6085
5,21,ALEJANDRÍA,2011,5,6.375931814,-75.14132296,5021,5021,3293,694,2923,6910,4909,3466
47,30,ALGARROBO,2011,5,10.18449656,-74.06066849,47030,47030,5787,2092,827,8706,0,12576
41,20,ALGECIRAS,2011,5,2.522555905,-75.31569465,41020,41020,14786,956,269,16011,19465,24492
19,22,ALMAGUER,2011,5,1.914277842,-76.85492444,19022,19022,4520,127,85,4732,19025,21243
15,22,ALMEIDA,2011,5,4.970528912,-73.37867863,15022,15022,39,20,0,59,5328,1754
73,24,ALPUJARRA,2011,5,3.391799957,-74.93256629,73024,73024,1404,194,70,1668,6516,4992
41,26,ALTAMIRA,2011,5,2.063408906,-75.78865559,41026,41026,248,447,9,704,2790,4293
13,30,ALTOS DEL ROSARIO,2011,5,8.792466161,-74.16523499,13030,13030,8931,715,2215,11861,0,13669
73,26,ALVARADO,2011,5,4.568164621,-74.95215175,73026,73026,1887,247,158,2292,9515,8834
5,30,AMAGÁ,2011,5,6.035833513,-75.70176247,5030,5030,1696,1150,102,2948,21984,29555
5,31,AMALFI,2011,5,6.907031798,-75.07357702,5031,5031,5295,1855,2216,9366,17515,22088
73,30,AMBALEMA,2011,5,4.785386129,-74.76179861,73030,73030,792,245,21,1058,9059,6837
25,35,ANAPOIMA,2011,5,4.56299759,-74.53066921,25035,25035,290,723,10,1023,8114,13312
52,36,ANCUYÁ,2011,5,1.262450623,-77.51461157,52036,52036,270,676,40,986,10899,7083
27,450,ANDAGOYA,2011,5,5.096608969,-76.69553012,27450,27450,4718,651,2234,7603,0,16317
76,36,ANDALUCÍA,2011,5,4.173485405,-76.16711364,76036,76036,829,410,80,1319,20556,17815
5,34,ANDES,2011,5,5.656884695,-75.87925102,5034,5034,3509,2710,456,6675,38636,45814
5,36,ANGELÓPOLIS,2011,5,6.11346482,-75.71517506,5036,5036,1108,323,522,1953,6081,8946
5,38,ANGOSTURA,2011,5,6.885366193,-75.33494799,5038,5038,2127,331,2037,4495,12680,11354
27,810,ÁNIMAS,2011,5,5.281323713,-76.62934857,27810,27810,348,786,25,1159,0,9592
25,40,ANOLAIMA,2011,5,4.761661168,-74.46378065,25040,25040,459,425,16,900,14757,12311
5,40,ANORÍ,2011,5,7.078008333,-75.1483999,5040,5040,7647,507,6559,14713,12283,17086
17,42,ANSERMA,2011,5,5.23807383,-75.78399658,17042,17042,3146,1740,648,5534,36084,33792
76,41,ANSERMANUEVO,2011,5,4.794553822,-75.99279234,76041,76041,824,979,37,1840,24917,19563
5,44,ANZÁ,2011,5,6.302230468,-75.85371333,5044,5044,1960,363,2370,4693,6327,7568
73,43,ANZOÁTEGUI,2011,5,4.627397332,-75.09630283,73043,73043,5960,758,252,6970,11239,18434
5,45,APARTADÓ,2006,5,7.882716696,-76.62618597,5045,5045,50771,59418,20960,131149,53547,178257
66,45,APÍA,2011,5,5.106519706,-75.94178944,66045,66045,1353,1266,107,2726,16772,18982
25,599,APULO,2011,5,4.52046733,-74.59377425,25599,25599,379,392,31,802,7957,7812
15,47,AQUITANIA,2011,5,5.518310389,-72.88435052,15047,15047,580,199,247,1026,18935,15241
47,53,ARACATACA,2011,5,10.59084827,-74.18629294,47053,47053,17971,5519,5658,29148,44282,39473
17,50,ARANZAZU,2011,5,5.271304385,-75.49077731,17050,17050,580,428,51,1059,14511,11422
68,51,ARATOCA,2011,5,6.693655062,-73.01743762,68051,68051,104,99,4,207,7407,8312
81,1,ARAUCA,2012,5,7.077995405,-70.76188824,81001,81001,8937,19390,7400,35727,31582,88481
81,65,ARAUQUITA,2011,5,7.029313653,-71.42763959,81065,81065,15663,4370,4213,24246,15912,41309
25,53,ARBELÁEZ,2011,5,4.272628625,-74.41472661,25053,25053,914,444,111,1469,20141,12292
54,51,ARBOLEDAS,2011,5,7.642690665,-72.798834,54051,54051,1718,176,151,2045,11115,8984
5,51,ARBOLETES,2011,5,8.850601882,-76.42668342,5051,5051,21332,9052,4679,35063,47043,40147
15,51,ARCABUCO,2011,5,5.754512761,-73.43698247,15051,15051,4,110,0,114,4976,5240
13,42,ARENAL,2011,5,8.459143837,-73.94327836,13042,13042,4936,1940,1572,8448,0,18876
5,55,ARGELIA,2011,5,5.731560894,-75.14271559,5055,5055,12169,1194,11827,25190,12043,8699
19,50,ARGELIA,2011,5,2.255549567,-77.24907523,19050,19050,20828,366,3209,24403,16609,26715
76,54,ARGELIA,2011,5,4.726972862,-76.11984964,76054,76054,912,715,110,1737,9039,6442
13,52,ARJONA,2012,5,10.2562011,-75.34551073,13052,13052,1847,6303,347,8497,37033,72514
5,59,ARMENIA,2011,5,6.156269832,-75.78700688,5059,5059,520,234,71,825,7196,4210
63,1,ARMENIA,2012,5,4.538104719,-75.68000362,63001,63001,1973,24515,303,26791,209870,296683
13,62,ARROYOHONDO,2011,5,10.25213365,-75.0199127,13062,13062,807,162,163,1132,0,9907
20,32,ASTREA,2011,5,9.496386258,-73.97471961,20032,20032,7418,1106,1117,9641,18875,19195
73,67,ATACO,2011,5,3.591164867,-75.38245402,73067,73067,15694,716,3106,19516,22227,22513
23,68,AYAPEL,2011,5,8.311131961,-75.14701164,23068,23068,6485,3160,1383,11028,42456,51164
27,73,BAGADÓ,2011,5,5.411715421,-76.41596027,27073,27073,8975,401,5633,15009,9061,8064
19,75,BALBOA,2011,5,2.041393559,-77.21654121,19075,19075,9109,836,489,10434,18575,25589
66,75,BALBOA,2011,5,4.949441236,-75.95846465,66075,66075,465,1076,18,1559,8990,6336
8,78,BARANOA,2008,5,10.79495177,-74.91621327,8078,8078,614,2242,6,2862,36182,57843
41,78,BARAYA,2011,5,3.153273692,-75.05429067,41078,41078,4426,1053,1131,6610,8613,9613
52,79,BARBACOAS,2011,5,1.673571646,-78.1382612,52079,52079,18376,3148,8826,30350,19878,37851
5,79,BARBOSA,2011,5,6.439060382,-75.33238813,5079,5079,2570,3179,1491,7240,29092,50052
68,77,BARBOSA,2012,5,5.932364863,-73.61631199,68077,68077,568,1674,19,2261,17464,28635
68,79,BARICHARA,2012,5,6.635349263,-73.22268198,68079,68079,76,119,0,195,9590,7215
50,110,BARRANCA DE UPÍA,2011,5,4.569068667,-72.9665821,50110,50110,598,964,18,1580,0,3926
68,81,BARRANCABERMEJA,2012,5,7.067975527,-73.84668574,68081,68081,28240,49094,9492,86826,158941,191768
44,78,BARRANCAS,2011,5,10.95456068,-72.7961729,44078,44078,2221,2451,3266,7938,24480,34619
13,74,BARRANCO DE LOBA,2011,5,8.946018513,-74.10621464,13074,13074,9974,703,5205,15882,20855,17768
94,343,BARRANCO MINAS,2011,5,3.494340673,-69.81506798,94343,94343,2715,80,33,2828,3052,4862
8,1,BARRANQUILLA,2011,5,10.97945934,-74.81683479,8001,8001,5939,117739,413,124091,926971,1218475
20,45,BECERRIL,2011,5,9.705162495,-73.27915878,20045,20045,8944,3160,6907,19011,13718,13453
17,88,BELALCÁZAR,2011,5,4.99324011,-75.80501528,17088,17088,452,646,2,1100,13466,10863
19,517,BELALCÁZAR,2011,5,2.645311465,-75.97192356,19517,19517,4344,368,2211,6923,26490,35059
52,83,BELÉN,2011,5,1.595644304,-77.01628783,52083,52083,811,122,41,974,5012,7518
15,87,BELÉN,2011,5,5.988336865,-72.91125457,15087,15087,118,133,0,251,10303,7400
18,94,BELÉN DE LOS ANDAQUÍES,2011,5,1.420263193,-75.8715028,18094,18094,7204,3231,2255,12690,14189,11541
66,88,BELÉN DE UMBRÍA,2011,5,5.200819102,-75.86849579,66088,66088,2413,1408,225,4046,26315,27718
27,99,BELLAVISTA,2011,5,6.569003871,-76.89508943,27099,27099,29625,261,9562,39448,9604,10099
5,88,BELLO,2011,5,6.333785562,-75.55444758,5088,5088,7634,45571,1375,54580,228927,455865
5,86,BELMIRA,2011,5,6.605435886,-75.66683652,5086,5086,532,344,30,906,5502,6760
25,86,BELTRÁN,2011,5,4.8026877,-74.74123512,25086,25086,430,133,83,646,2197,2197
15,90,BERBEO,2011,5,5.22715204,-73.12686435,15090,15090,128,125,0,253,2326,1932
52,51,BERRUECOS,2011,5,1.50342206,-77.13544969,52051,52051,391,756,5,1152,15116,7550
5,91,BETANIA,2011,5,5.749214259,-75.98176937,5091,5091,2332,849,517,3698,12731,9286
27,425,BETÉ,2011,5,5.994026128,-76.78086161,27425,27425,9413,275,1028,10716,0,29487
15,92,BETÉITIVA,2011,5,5.910482282,-72.80900067,15092,15092,19,15,0,34,3166,2069
5,93,BETULIA,2011,5,6.109099807,-75.98419075,5093,5093,10703,2393,9314,22410,15156,17542
68,92,BETULIA,2011,5,6.900068894,-73.28366584,68092,68092,1440,146,29,1615,6423,5110
70,702,BETULIA,2011,5,9.274572434,-75.24299691,70702,70702,1597,973,209,2779,9259,12544
25,95,BITUIMA,2011,5,4.872035678,-74.53969702,25095,25095,302,38,2,342,3267,2520
15,97,BOAVITA,2011,5,6.330678035,-72.58477522,15097,15097,110,24,0,134,14983,7079
52,490,BOCAS DE SATINGA,2011,5,2.347547107,-78.32877504,52490,52490,11959,2727,3529,18215,16522,31204
54,99,BOCHALEMA,2011,5,7.61206781,-72.64728173,54099,54099,160,370,93,623,6077,6973
11,1,BOGOTÁ D.C.,2011,5,4.650528403,-74.1059716,11001,11001,7290,536598,3469,547357,4225649,7878783
25,99,BOJACÁ,2011,5,4.741486257,-74.34756312,25099,25099,67,226,5,298,4192,11555
19,100,BOLÍVAR,2011,5,1.837562703,-76.9667572,19100,19100,16312,843,320,17475,49952,44611
68,101,BOLÍVAR,2011,5,5.986869791,-73.7709122,68101,68101,3862,253,213,4328,26275,12351
76,100,BOLÍVAR,2011,5,4.338137376,-76.18496326,76100,76100,3530,532,245,4307,21128,13480
20,60,BOSCONIA,2011,5,9.974371994,-73.88804193,20060,20060,7381,11271,2526,21178,21797,37248
15,104,BOYACÁ,2011,5,5.454553832,-73.36202683,15104,15104,228,67,0,295,6005,4472
5,107,BRICEÑO,2011,5,7.112513437,-75.550714,5107,5107,4754,386,1910,7050,8517,8702
15,106,BRICEÑO,2011,5,5.690164312,-73.923304,15106,15106,88,15,0,103,3503,2584
68,1,BUCARAMANGA,2011,5,7.115901444,-73.13253676,68001,68001,5644,70103,1213,76960,402840,527913
54,109,BUCARASICA,2011,5,8.039441945,-72.86692368,54109,54109,1304,351,469,2124,5146,4570
76,109,BUENAVENTURA,2012,5,3.875474306,-77.0115359,76109,76109,95509,34393,152959,282861,212455,399764
23,79,BUENAVISTA,2011,5,8.223053311,-75.48298611,23079,23079,3370,1957,433,5760,14831,21628
63,111,BUENAVISTA,2011,5,4.35862518,-75.74019566,63111,63111,64,474,6,544,4008,2833
70,110,BUENAVISTA,2011,5,9.319656143,-74.97352785,70110,70110,1062,3156,2087,6305,6277,9552
15,109,BUENAVISTA,2011,5,5.512849458,-73.94255216,15109,15109,124,104,0,228,6247,5789
19,110,BUENOS AIRES,2011,5,3.016024405,-76.6425464,19110,19110,12813,2172,5079,20064,38048,32225
52,110,BUESACO,2011,5,1.384763355,-77.15646331,52110,52110,1723,2356,428,4507,18248,25063
76,113,BUGALAGRANDE,2011,5,4.208153039,-76.15771521,76113,76113,4303,3079,2029,9411,23497,21171
5,113,BURITICÁ,2011,5,6.719529795,-75.90713079,5113,5113,2785,210,3873,6868,7161,6601
15,114,BUSBANZÁ,2011,5,5.830147697,-72.88403033,15114,15114,4,0,0,4,747,1156
25,120,CABRERA,2011,5,3.984828481,-74.48428376,25120,25120,1869,453,59,2381,4808,4499
68,121,CABRERA,2011,5,6.591726371,-73.2465433,68121,68121,25,29,0,54,2544,2267
50,124,CABUYARO,2011,5,4.285083357,-72.79274218,50124,50124,484,553,9,1046,3783,4018
94,886,CACAHUAL,1993,5,3.525812569,-67.41167629,94886,94886,23,6,0,29,816,2474
5,120,CÁCERES,2011,5,7.576321581,-75.35010831,5120,5120,12748,3488,5000,21236,19421,37806
25,123,CACHIPAY,2011,5,4.730928907,-74.43595266,25123,25123,184,323,4,511,9244,9833
54,128,CÁCHIRA,2011,5,7.741859738,-73.04849612,54128,54128,2644,406,75,3125,17709,10970
54,125,CÁCOTA,2011,5,7.268558701,-72.64217706,54125,54125,68,73,0,141,3943,1925
5,125,CAICEDO,2011,5,6.40578759,-75.98415335,5125,5125,2780,563,216,3559,6535,8205
76,122,CAICEDONIA,2011,5,4.340622278,-75.83653439,76122,76122,2187,2131,265,4583,33587,29830
70,124,CAIMITO,2011,5,8.789025103,-75.11608908,70124,70124,1731,701,38,2470,9243,12077
73,124,CAJAMARCA,2011,5,4.437770273,-75.43379586,73124,73124,4569,1632,1160,7361,20325,19656
19,130,CAJIBÍO,2011,5,2.623031089,-76.57038564,19130,19130,11867,624,1013,13504,29601,37522
25,126,CAJICÁ,2011,5,4.920280962,-74.02312705,25126,25126,79,1117,20,1216,23618,56875
13,140,CALAMAR,2011,5,10.25102481,-74.91380957,13140,13140,4048,457,164,4669,26143,23308
95,15,CALAMAR,2011,5,1.958585838,-72.65495951,95015,95015,7866,678,834,9378,7720,9091
63,130,CALARCÁ,2008,5,4.516195117,-75.64908816,63130,63130,2147,6576,819,9542,54216,77603
5,129,CALDAS,2011,5,6.091577847,-75.6344938,5129,5129,1262,3517,145,4924,45370,77847
15,131,CALDAS,2011,5,5.554468752,-73.86531035,15131,15131,18,40,3,61,5179,3638
19,137,CALDONO,2011,5,2.797508881,-76.48470182,19137,19137,2826,626,459,3911,23600,33122
68,132,CALIFORNIA,2011,5,7.348042738,-72.94578406,68132,68132,124,32,0,156,1349,1984
19,142,CALOTO,2011,5,3.033158363,-76.4084846,19142,19142,3405,1577,5654,10636,29792,17642
5,134,CAMPAMENTO,2011,5,6.9799029,-75.2986605,5134,5134,3101,345,585,4031,10161,9091
8,137,CAMPO DE LA CRUZ,2011,5,10.37862311,-74.88125195,8137,8137,141,1105,10,1256,26726,16040
41,132,CAMPOALEGRE,2011,5,2.684180352,-75.32603525,41132,41132,3008,4209,280,7497,25021,34306
15,135,CAMPOHERMOSO,2011,5,5.030630049,-73.10351821,15135,15135,523,85,8,616,5324,3847
23,90,CANALETE URBANO,2011,5,8.787600917,-76.24075326,23090,23090,6097,1977,616,8690,11567,21548
8,141,CANDELARIA,2012,5,10.45988484,-74.87980865,8141,8141,83,618,2,703,10990,12474
76,130,CANDELARIA,2011,5,3.409349462,-76.34773585,76130,76130,812,4644,23,5479,47156,81700
13,160,CANTAGALLO,2011,5,7.375411065,-73.91689961,13160,13160,12029,989,1122,14140,0,9239
5,138,CAÑASGORDAS,2011,5,6.749875686,-76.02456557,5138,5138,7168,1451,1032,9651,19023,16763
25,148,CAPARRAPÍ,2011,5,5.348139073,-74.49096772,25148,25148,4832,781,1224,6837,19502,16691
68,147,CAPITANEJO,2011,5,6.531944347,-72.69871437,68147,68147,920,66,34,1020,8036,5593
25,151,CÁQUEZA,2011,5,4.403665469,-73.94657392,25151,25151,255,290,13,558,17655,17048
5,142,CARACOLÍ,2011,5,6.402509228,-74.7592025,5142,5142,793,372,169,1334,6416,4595
5,145,CARAMANTA,2011,5,5.549094786,-75.64533157,5145,5145,651,179,33,863,8108,5362
68,152,CARCASÍ,2011,5,6.626734297,-72.62641153,68152,68152,372,33,14,419,7650,5039
5,147,CAREPA,2006,5,7.755117031,-76.65405108,5147,5147,13567,24293,5530,43390,18496,55788
52,224,CARLOSAMA,2011,5,0.86304473,-77.72969223,52224,52224,258,339,1084,1681,6564,8592
73,148,CARMEN DE APICALÁ,2011,5,4.148197586,-74.71929555,73148,73148,234,618,28,880,6469,8793
25,154,CARMEN DE CARUPA,2011,5,5.349236325,-73.90127024,25154,25154,38,66,0,104,9801,9109
5,150,CAROLINA,2011,5,6.725994352,-75.28359994,5150,5150,266,318,116,700,4251,3629
13,1,CARTAGENA DE INDIAS,2011,5,10.39881648,-75.50122922,13001,13001,12945,121634,1979,136558,554093,1001755
18,150,CARTAGENA DEL CHAIRÁ,2011,5,1.334346751,-74.84461961,18150,18150,30808,1804,11152,43764,8660,33391
76,147,CARTAGO,2012,5,4.738521916,-75.91151329,76147,76147,1811,5215,42,7068,106688,132249
97,161,CARURÚ,2011,5,1.012088146,-71.29584284,97161,97161,1323,50,300,1673,3062,3327
5,893,CASABE,2011,5,7.002806783,-73.91035362,5893,5893,12132,1665,3447,17244,7978,18613
73,152,CASABIANCA,2011,5,5.078897537,-75.120367,73152,73152,2239,204,75,2518,7845,6684
50,150,CASTILLA LA NUEVA,2011,5,3.827479437,-73.68901383,50150,50150,608,1024,4,1636,3708,9612
5,154,CAUCASIA,2012,5,7.97776037,-75.19851434,5154,5154,17002,15499,3517,36018,40322,112168
68,160,CEPITÁ,2011,5,6.753402288,-72.97451685,68160,68160,247,7,1,255,2432,1865
23,162,CERETÉ,2006,5,8.886661553,-75.79188186,23162,23162,1369,7471,51,8891,61456,91525
15,162,CERINZA,2011,5,5.955976752,-72.9477205,15162,15162,28,11,0,39,5695,3762
68,162,CERRITO,2011,5,6.843117616,-72.69472769,68162,68162,563,224,184,971,6586,5708
47,161,CERRO DE SAN ANTONIO,2011,5,10.32626159,-74.86879837,47161,47161,4677,321,114,5112,19453,7845
27,160,CÉRTEGUI,2011,5,5.372250468,-76.61139204,27160,27160,215,172,125,512,0,10068
52,240,CHACHAGÜÍ,2011,5,1.35733302,-77.28100878,52240,52240,431,1406,0,1837,0,13784
25,168,CHAGUANÍ,2011,5,4.948747105,-74.59381785,25168,25168,1095,112,256,1463,5653,3981
70,230,CHALÁN,2011,5,9.545852801,-75.31279629,70230,70230,7746,857,1758,10361,4051,4354
85,15,CHÁMEZA,2011,5,5.214106313,-72.86991815,85015,85015,1432,1045,1137,3614,1805,2460
73,168,CHAPARRAL,2011,5,3.72576111,-75.48358221,73168,73168,19904,5175,2609,27688,48372,47195
68,167,CHARALÁ,2006,5,6.285335122,-73.14666944,68167,68167,407,271,19,697,17495,10540
68,169,CHARTA,2011,5,7.280904249,-72.96850924,68169,68169,514,64,10,588,3978,2670
25,175,CHÍA,2012,5,4.865497867,-74.04957621,25175,25175,96,2892,5,2993,38862,126647
5,172,CHIGORODÓ,2012,5,7.66615645,-76.68156472,5172,5172,23021,37304,9159,69484,23329,76202
68,176,CHIMA,2011,5,6.341915036,-73.3728971,68176,68176,556,112,153,821,4084,3087
23,168,CHIMÁ,2011,5,9.149432631,-75.62788036,23168,23168,449,400,59,908,11202,15018
20,175,CHIMICHAGUA,2011,5,9.257749906,-73.81279543,20175,20175,7720,2868,1236,11824,27010,30658
54,172,CHINÁCOTA,2011,5,7.602562969,-72.60245029,54172,54172,344,942,7,1293,12299,16348
15,172,CHINAVITA,2011,5,5.167416629,-73.36862894,15172,15172,125,130,0,255,4488,3528
17,174,CHINCHINÁ,2008,5,4.985518004,-75.60638497,17174,17174,1365,2332,17,3714,48125,51492
23,182,CHINÚ,2011,5,9.106070218,-75.40063825,23182,23182,1417,2003,500,3920,33256,48304
25,178,CHIPAQUE,2011,5,4.442530707,-74.04459817,25178,25178,205,117,15,337,9556,8400
68,179,CHIPATÁ,2011,5,6.062589832,-73.63728406,68179,68179,131,41,0,172,6959,5088
15,176,CHIQUINQUIRÁ,2011,5,5.614851057,-73.81871071,15176,15176,357,1369,33,1759,35807,65274
15,232,CHÍQUIZA,2011,5,5.604432394,-73.48495517,15232,15232,10,0,0,10,5736,5484
20,178,CHIRIGUANÁ,2011,5,9.36137942,-73.60091321,20178,20178,7772,3813,3804,15389,21245,19650
15,180,CHISCAS,2011,5,6.553005172,-72.50014039,15180,15180,488,19,43,550,7566,4291
15,183,CHITA,2011,5,6.187257707,-72.47130795,15183,15183,1016,90,124,1230,17075,9542
54,174,CHITAGÁ,2011,5,7.138537607,-72.66480971,54174,54174,646,80,57,783,11614,10373
15,185,CHITARAQUE,2011,5,6.027475489,-73.44692936,15185,15185,131,177,0,308,6799,5687
15,187,CHIVATÁ,2011,5,5.558707125,-73.28241732,15187,15187,7,8,0,15,3191,6199
47,170,CHIVOLO,2011,5,10.02800918,-74.6209275,47170,47170,10520,1464,1773,13757,16860,15960
15,236,CHIVOR,2011,5,4.887625757,-73.36850057,15236,15236,261,40,26,327,0,1795
25,181,CHOACHÍ,2011,5,4.528355877,-73.92267491,25181,25181,77,186,5,268,12740,10729
25,183,CHOCONTÁ,2011,5,5.145356644,-73.68337298,25183,25183,98,392,0,490,16947,25257
13,188,CICUCO,2011,5,9.275398729,-74.6455241,13188,13188,812,591,66,1469,0,11118
47,189,CIÉNAGA,2008,5,11.00743283,-74.24136807,47189,47189,36689,10049,7101,53839,135786,104331
23,189,CIÉNAGA DE ORO,2011,5,8.878176595,-75.62210934,23189,23189,1158,1797,33,2988,41083,64226
15,189,CIÉNEGA,2011,5,5.409521134,-73.29608968,15189,15189,6,23,0,29,5991,4754
68,190,CIMITARRA,2006,5,6.315265618,-73.95091914,68190,68190,6483,3344,763,10590,20206,44733
63,190,CIRCASIA,2011,5,4.617299132,-75.63580484,63190,63190,443,2323,14,2780,19171,29897
5,190,CISNEROS,2011,5,6.538875199,-75.08623906,5190,5190,993,1119,13,2125,9238,9058
5,101,CIUDAD BOLÍVAR,2011,5,5.851067449,-76.02279586,5101,5101,3815,2069,405,6289,30208,27084
27,75,CIUDAD MÚTIS,2011,5,6.224470385,-77.4037731,27075,27075,994,3071,2349,6414,7941,9327
13,222,CLEMENCIA,2011,5,10.56763233,-75.32566862,13222,13222,1035,847,386,2268,0,12540
19,585,COCONUCO,2011,5,2.342595234,-76.49691805,19585,19585,1811,42,60,1913,13830,15261
5,197,COCORNÁ,2011,5,6.057888796,-75.18561261,5197,5197,22037,2880,11310,36227,24483,14972
73,200,COELLO,2011,5,4.286128911,-74.89789553,73200,73200,514,286,10,810,9875,9740
25,200,COGUA,2011,5,5.061808832,-73.97825825,25200,25200,17,282,0,299,12632,22361
41,206,COLOMBIA,2011,5,3.376524821,-74.80289516,41206,41206,7111,149,3060,10320,11394,12415
86,219,COLÓN,2011,5,1.189570215,-76.97254574,86219,86219,531,1405,28,1964,3913,5519
15,204,CÓMBITA,2011,5,5.634334216,-73.32384233,15204,15204,20,41,0,61,10595,14632
5,206,CONCEPCIÓN,2011,5,6.394225426,-75.25755692,5206,5206,1985,275,1161,3421,6414,3463
68,207,CONCEPCIÓN,2011,5,6.768940023,-72.69429571,68207,68207,468,194,104,766,7860,5292
5,209,CONCORDIA,2011,5,6.046032234,-75.90835351,5209,5209,3611,1251,358,5220,20664,20653
47,205,CONCORDIA,2011,5,10.25742477,-74.83365334,47205,47205,2192,231,238,2661,0,9388
27,205,CONDOTO,2011,5,5.092954422,-76.6493475,27205,27205,3016,1865,2564,7445,17389,14660
68,209,CONFINES,2011,5,6.357707634,-73.24061911,68209,68209,71,67,0,138,2410,2705
52,207,CONSACÁ,2011,5,1.207194331,-77.46571841,52207,52207,502,1722,11,2235,9733,9386
52,210,CONTADERO,2011,5,0.910963545,-77.54993036,52210,52210,83,118,10,211,5748,6954
68,211,CONTRATACIÓN,2011,5,6.290461144,-73.47438999,68211,68211,384,215,69,668,4998,3491
54,206,CONVENCIÓN,2011,5,8.469995018,-73.33719493,54206,54206,9369,2674,8427,20470,19069,13569
5,212,COPACABANA,2011,5,6.358227531,-75.50242268,5212,5212,758,4423,92,5273,42014,70169
15,212,COPER,2011,5,5.47539238,-74.04503529,15212,15212,87,52,0,139,5693,3663
13,212,CÓRDOBA,2011,5,9.586622995,-74.82750746,13212,13212,23189,1100,4179,28468,15692,12435
52,215,CÓRDOBA,2011,5,0.853665966,-77.51806895,52215,52215,748,4951,672,6371,11490,14006
63,212,CÓRDOBA,2011,5,4.392929739,-75.6875035,63212,63212,1001,891,84,1976,5337,5305
19,212,CORINTO,2011,5,3.174152098,-76.26105666,19212,19212,5611,1652,627,7890,21420,31872
68,217,COROMORO,2011,5,6.295555981,-73.04054395,68217,68217,586,118,13,717,7741,7558
70,215,COROZAL,2011,5,9.320684145,-75.29202341,70215,70215,2215,29237,1116,32568,50460,62409
15,215,CORRALES,2011,5,5.828382941,-72.84444666,15215,15215,0,7,0,7,2727,2273
25,214,COTA,2011,5,4.809080385,-74.10242406,25214,25214,20,462,0,482,9305,24916
23,300,COTORRA,2011,5,9.038770243,-75.7904763,23300,23300,271,1840,12,2123,0,15447
15,218,COVARACHÍA,2011,5,6.500272002,-72.73899492,15218,15218,216,8,0,224,5668,2861
70,221,COVEÑAS,2011,5,9.401370447,-75.66941915,70221,70221,326,789,26,1141,0,13530
73,217,COYAIMA,2011,5,3.798476934,-75.1941423,73217,73217,11953,424,317,12694,27489,28304
81,220,CRAVO NORTE,2011,5,6.303393699,-70.20356756,81220,81220,2856,388,544,3788,3160,3331
15,223,CUBARÁ,2011,5,7.001709775,-72.1083076,15223,15223,483,777,81,1341,5416,6725
15,224,CUCAITA,2011,5,5.543038078,-73.4545394,15224,15224,16,11,0,27,3658,4687
25,224,CUCUNUBÁ,2011,5,5.249962764,-73.76620924,25224,25224,12,110,0,122,6575,7479
54,1,CÚCUTA,2011,5,7.905267117,-72.50559097,54001,54001,16922,91560,6928,115410,385701,650011
54,223,CUCUTILLA,2011,5,7.539173876,-72.77244677,54223,54223,597,633,24,1254,9743,7686
15,226,CUÍTIVA,2011,5,5.580264111,-72.96612865,15226,15226,17,83,0,100,2443,1906
50,226,CUMARAL,2011,5,4.268784669,-73.48614304,50226,50226,1587,4250,123,5960,14445,18020
99,773,CUMARIBO,2011,5,4.444487622,-69.79854267,99773,99773,14375,351,1209,15935,9889,36867
52,227,CUMBAL,2011,5,0.906450846,-77.79124207,52227,52227,717,455,494,1666,19986,37635
52,233,CUMBITARA,2011,5,1.64767179,-77.5784311,52233,52233,8312,1054,2901,12267,6168,15239
73,226,CUNDAY,2011,5,4.059845094,-74.69266612,73226,73226,5655,448,625,6728,17278,9719
27,150,CURBARADÓ,2011,5,7.157413024,-76.97187683,27150,27150,10911,288,4515,15714,0,5462
18,205,CURILLO,2011,5,1.033655295,-75.92035477,18205,18205,19480,2602,983,23065,8189,11683
68,229,CURITÍ,2011,5,6.60494397,-73.06880778,68229,68229,82,98,3,183,9539,11899
20,228,CURUMANÍ,2011,5,9.201043928,-73.54177465,20228,20228,18067,5168,8036,31271,26740,24367
5,234,DABEIBA,2011,5,7.000034026,-76.2629741,5234,5234,26207,2338,12674,41219,22015,23378
76,233,DAGUA,2011,5,3.657393501,-76.68917476,76233,76233,5781,4685,5112,15578,31469,36406
76,126,DARIÉN,2011,5,3.935223947,-76.48422337,76126,76126,1897,1132,829,3858,12884,15763
44,90,DIBULLA,2011,5,11.27125412,-73.30723669,44090,44090,20256,7262,7602,35120,0,32983
44,98,DISTRACCIÓN,2011,5,10.89656984,-72.88639721,44098,44098,665,630,414,1709,0,15790
73,236,DOLORES,2011,5,3.539195149,-74.89680966,73236,73236,5914,252,2244,8410,11098,8108
5,237,DONMATÍAS,2011,5,6.485885346,-75.39409516,5237,5237,416,2203,87,2706,11806,22243
66,170,DOSQUEBRADAS,2011,5,4.826246267,-75.68028641,66170,66170,1317,11388,49,12754,101750,198877
15,238,DUITAMA,2012,5,5.823154431,-73.03011865,15238,15238,267,2457,5,2729,75047,112692
54,239,DURANIA,2011,5,7.714218998,-72.65619808,54239,54239,259,221,7,487,5391,3768
5,240,EBÉJICO,2011,5,6.327259705,-75.76687773,5240,5240,909,269,12,1190,14891,12515
76,243,EL ÁGUILA,2011,5,4.909880471,-76.04133781,76243,76243,1406,277,90,1773,13037,11079
5,250,EL BAGRE,2012,5,7.592954652,-74.80471043,5250,5250,24328,3547,12593,40468,20142,49583
47,245,EL BANCO,2008,5,8.998318273,-73.97939172,47245,47245,7469,10183,312,17964,49778,55530
19,532,EL BORDO,2011,5,2.113081391,-76.98568182,19532,19532,12622,2821,906,16349,28881,36205
76,246,EL CAIRO,2011,5,4.762018307,-76.22108516,76246,76246,1253,505,174,1932,12339,9984
50,245,EL CALVARIO,2011,5,4.352170158,-73.71345503,50245,50245,677,54,5,736,3115,2240
54,245,EL CARMEN,2011,5,8.510758825,-73.4467754,54245,54245,7395,1357,1423,10175,16402,14005
27,245,EL CARMEN DE ATRATO,2011,5,5.898551774,-76.1424983,27245,27245,4522,492,5061,10075,8078,14049
13,244,EL CARMEN DE BOLÍVAR,2012,5,9.718034221,-75.12113883,13244,13244,72023,3415,52559,127997,61948,75151
68,235,EL CARMEN DE CHUCURÍ,2011,5,6.697927177,-73.51175607,68235,68235,4406,645,456,5507,0,20099
5,148,EL CARMEN DE VIBORAL,2011,5,6.084971574,-75.33526901,5148,5148,4902,2707,4060,11669,29329,46751
50,251,EL CASTILLO,2011,5,3.563879123,-73.79425068,50251,50251,7744,1285,2408,11437,12629,6362
76,248,EL CERRITO,2012,5,3.684750275,-76.31173408,76248,76248,2025,2486,227,4738,41588,57464
52,250,EL CHARCO,2011,5,2.476974079,-78.11029806,52250,52250,16338,752,27298,44388,22793,36856
15,244,EL COCUY,2011,5,6.409247856,-72.44503498,15244,15244,320,20,14,354,7682,5241
25,245,EL COLEGIO,2011,5,4.579145662,-74.44262855,25245,25245,1074,997,27,2098,16454,21832
20,238,EL COPEY,2011,5,10.14913211,-73.96137025,20238,20238,18111,2306,6484,26901,24328,26473
47,58,EL DIFICIL,2011,5,9.847372401,-74.23621556,47058,47058,6256,2900,640,9796,29905,32166
18,247,EL DONCELLO,2011,5,1.679063507,-75.28283737,18247,18247,10990,4318,1284,16592,20590,22137
50,270,EL DORADO,2011,5,3.739129239,-73.8351619,50270,50270,1963,714,1175,3852,0,3429
76,250,EL DOVIO,2011,5,4.50991499,-76.23726603,76250,76250,4836,448,253,5537,14714,8508
91,263,EL ENCANTO,2011,5,-1.746729498,-73.20917216,91263,91263,207,55,0,262,2458,4841
15,248,EL ESPINO,2011,5,6.48261314,-72.49632211,15248,15248,213,23,2,238,4316,4195
68,245,EL GUACAMAYO,2011,5,6.24606725,-73.49643934,68245,68245,154,44,9,207,3410,2005
13,248,EL GUAMO,2011,5,10.03108249,-74.97540115,13248,13248,3307,253,936,4496,8642,7757
44,110,EL MOLINO,2011,5,10.65106316,-72.92165829,44110,44110,1014,2109,4020,7143,0,8728
20,250,EL PASO,2011,5,9.661878357,-73.74645431,20250,20250,5079,2635,305,8019,15905,22832
18,256,EL PAUJÍL,2011,5,1.570491137,-75.32674565,18256,18256,7774,5831,2898,16503,14271,20224
52,254,EL PEÑOL,2011,5,1.453634069,-77.43983629,52254,52254,1097,777,52,1926,0,6500
13,268,EL PEÑÓN,2011,5,8.989058592,-73.94975188,13268,13268,1422,331,764,2517,0,9484
25,258,EL PEÑÓN,2011,5,5.248791406,-74.29033316,25258,25258,1919,112,831,2862,7278,4805
68,250,EL PEÑÓN,2011,5,6.056901745,-73.81418467,68250,68250,1641,110,99,1850,0,5140
47,258,EL PIÑÓN,2011,5,10.40311061,-74.82323068,47258,47258,8275,879,2169,11323,15347,16752
68,255,EL PLAYÓN,2011,5,7.470682553,-73.20312352,68255,68255,4081,2715,755,7551,13721,11776
47,268,EL RETÉN,2011,5,10.61113717,-74.26875066,47268,47268,3986,5569,1619,11174,0,20981
95,25,EL RETORNO,2011,5,2.330797197,-72.62797079,95025,95025,11345,488,1327,13160,8373,22975
70,233,EL ROBLE,2011,5,9.107152405,-75.19404578,70233,70233,3181,357,297,3835,0,10550
25,260,EL ROSAL,2011,5,4.852394554,-74.26192318,25260,25260,37,1051,3,1091,0,17254
52,256,EL ROSARIO,2011,5,1.743204703,-77.33514079,52256,52256,5801,1191,2771,9763,8093,10201
5,697,EL SANTUARIO,2011,5,6.137115545,-75.26540831,5697,5697,2269,5087,2409,9765,24670,27120
52,258,EL TABLÓN DE GÓMEZ,2011,5,1.427293213,-77.09734632,52258,52258,5323,644,2530,8497,10529,12757
19,256,EL TAMBO,2011,5,2.452235812,-76.81081231,19256,19256,28164,2116,4329,34609,43575,47525
52,260,EL TAMBO,2011,5,1.407983829,-77.39075115,52260,52260,1083,1720,80,2883,27980,12271
54,250,EL TARRA,2011,5,8.577231027,-73.09467081,54250,54250,13488,2766,7187,23441,0,10957
54,261,EL ZULIA,2011,5,7.937073101,-72.60393412,54261,54261,2311,3595,664,6570,12409,22843
41,244,ELÍAS,2011,5,2.013396203,-75.93810642,41244,41244,113,238,0,351,3120,3930
68,264,ENCINO,2011,5,6.138215355,-73.09929847,68264,68264,133,211,9,353,3180,2497
68,266,ENCISO,2011,5,6.669723477,-72.70013858,68266,68266,216,39,20,275,5105,3323
5,264,ENTRERRÍOS,2011,5,6.566650049,-75.51715485,5264,5264,194,333,0,527,5444,9950
5,266,ENVIGADO,2011,5,6.166661797,-75.58319073,5266,5266,436,4388,60,4884,92906,222455
73,268,ESPINAL,2012,5,4.150921913,-74.88540457,73268,73268,935,2849,86,3870,68657,76227
25,269,FACATATIVÁ,2012,5,4.812242014,-74.35101469,25269,25269,283,6271,63,6617,55324,132106
73,270,FALAN,2011,5,5.120991733,-74.94921571,73270,73270,1989,285,40,2314,20194,9218
17,272,FILADELFIA,2011,5,5.297350278,-75.56228224,17272,17272,703,219,21,943,15359,11034
63,272,FILANDIA,2011,5,4.675026725,-75.6580545,63272,63272,178,948,7,1133,11080,13412
15,272,FIRAVITOBA,2011,5,5.669120835,-72.9937204,15272,15272,9,49,0,58,6311,5907
73,275,FLANDES,2012,5,4.28279453,-74.81055536,73275,73275,295,499,15,809,25135,29106
18,1,FLORENCIA,2011,5,1.61733395,-75.60689021,18001,18001,26683,109520,9243,145446,85556,172364
19,290,FLORENCIA,2011,5,1.683035398,-77.07275376,19290,19290,1089,882,147,2118,0,6132
15,276,FLORESTA,2011,5,5.859783197,-72.91840605,15276,15276,8,23,0,31,5203,4523
68,271,FLORIÁN,2011,5,5.804949254,-73.9709636,68271,68271,943,75,3,1021,7136,6301
76,275,FLORIDA,2011,5,3.323870389,-76.23398372,76275,76275,3899,2637,2447,8983,45132,58129
68,276,FLORIDABLANCA,2011,5,7.074187482,-73.0976614,68276,68276,871,21226,117,22214,148205,265407
25,279,FÓMEQUE,2011,5,4.485726172,-73.89290963,25279,25279,201,145,5,351,14170,12214
44,279,FONSECA,2011,5,10.8866438,-72.85047149,44279,44279,3041,3983,5477,12501,28957,33254
81,300,FORTUL,2011,5,6.793989163,-71.77200693,81300,81300,5617,4123,1038,10778,0,25379
25,281,FOSCA,2011,5,4.338736012,-73.93929548,25281,25281,173,12,0,185,7297,7524
5,282,FREDONIA,2011,5,5.924840041,-75.67116614,5282,5282,665,872,37,1574,23110,21561
73,283,FRESNO,2011,5,5.153587688,-75.03619498,73283,73283,4231,2159,256,6646,33549,30284
5,284,FRONTINO,2011,5,6.775585014,-76.1312234,5284,5284,8539,3232,7089,18860,25997,16615
50,287,FUENTE DE ORO,2011,5,3.462211072,-73.61955371,50287,50287,1942,2104,147,4193,9408,13263
47,288,FUNDACIÓN,2012,5,10.5148512,-74.19155501,47288,47288,32028,22406,16748,71182,47390,57344
52,287,FUNES,2011,5,1.001120785,-77.44937399,52287,52287,342,171,76,589,6761,6498
25,286,FUNZA,2012,5,4.713045635,-74.20804422,25286,25286,97,2696,0,2793,31366,75350
25,288,FÚQUENE,2011,5,5.40400391,-73.7958098,25288,25288,13,23,0,36,5072,5617
25,290,FUSAGASUGÁ,2008,5,4.337748141,-74.36636797,25290,25290,1773,10270,402,12445,63886,134523
25,293,GACHALÁ,2011,5,4.692981914,-73.52051545,25293,25293,483,75,90,648,10114,5715
25,295,GACHANCIPÁ,2011,5,4.991050375,-73.87291756,25295,25295,3,424,10,437,4386,14442
15,293,GACHANTIVÁ,2011,5,5.751968047,-73.54931534,15293,15293,10,40,0,50,3841,2654
25,297,GACHETÁ,2011,5,4.816221944,-73.63623753,25297,25297,423,173,32,628,14696,11086
68,296,GALÁN,2011,5,6.638898653,-73.28791459,68296,68296,262,131,23,416,4054,2311
8,296,GALAPA,2006,5,10.90513906,-74.88385046,8296,8296,530,3843,9,4382,14435,42720
70,235,GALERAS,2011,5,9.15980328,-75.04933649,70235,70235,3942,3054,2145,9141,12322,20188
25,299,GAMA,2011,5,4.762583118,-73.610785,25299,25299,156,15,8,179,4535,3996
20,295,GAMARRA,2011,5,8.321520232,-73.74304126,20295,20295,1914,1238,67,3219,11363,16644
68,298,GÁMBITA,2011,5,5.945811671,-73.34375271,68298,68298,409,16,1,426,5626,5044
15,296,GÁMEZA,2011,5,5.802388311,-72.80552655,15296,15296,43,36,15,94,6439,4856
15,299,GARAGOA,2011,5,5.082280849,-73.36476697,15299,15299,220,448,7,675,14484,16944
41,298,GARZÓN,2011,5,2.195652802,-75.62673823,41298,41298,6176,11020,766,17962,43381,88213
52,203,GÉNOVA,2011,5,1.643622992,-77.01898035,52203,52203,1423,186,20,1629,8298,10127
63,302,GÉNOVA,2011,5,4.207745662,-75.7895561,63302,63302,2900,1277,369,4546,10720,7921
41,306,GIGANTE,2011,5,2.387831335,-75.54572948,41306,41306,5021,2972,597,8590,22012,33324
76,306,GINEBRA,2011,5,3.724617161,-76.26832001,76306,76306,803,1024,159,1986,14786,21047
5,306,GIRALDO,2011,5,6.678034032,-75.9511794,5306,5306,610,288,117,1015,3884,4029
25,307,GIRARDOT,2008,5,4.303705489,-74.81046294,25307,25307,613,3303,0,3916,81019,105085
5,308,GIRARDOTA,2011,5,6.379349929,-75.44369899,5308,5308,624,1903,406,2933,25859,54240
68,307,GIRÓN,2011,5,7.07176115,-73.1682549,68307,68307,2012,19227,754,21993,58053,180377
5,310,GÓMEZ PLATA,2011,5,6.684119448,-75.22175555,5310,5310,637,395,79,1111,9186,12810
20,310,GONZÁLEZ,2011,5,8.390101998,-73.38041121,20310,20310,448,599,78,1125,12907,6990
54,313,GRAMALOTE,2011,5,7.887563488,-72.79730483,54313,54313,429,171,0,600,8019,5567
5,313,GRANADA,2011,5,6.141374332,-75.18797267,5313,5313,27257,980,8725,36962,18692,9859
25,312,GRANADA,2011,5,4.519640687,-74.35074946,25312,25312,129,424,16,569,32848,62209
47,460,GRANADA,2011,5,9.806164532,-74.3920667,47460,47460,1848,983,148,2979,0,8685
50,313,GRANADA,2011,5,3.544871366,-73.7062713,50313,50313,5755,17595,320,23670,0,19783
68,318,GUACA,2011,5,6.876872281,-72.85608443,68318,68318,663,18,24,705,8463,6395
15,317,GUACAMAYAS,2011,5,6.459711974,-72.50060021,15317,15317,67,11,0,78,3375,1693
76,318,GUACARÍ,2011,5,3.761995494,-76.33350631,76318,76318,780,1484,146,2410,26767,34525
52,699,GUACHAVÉS,2011,5,1.221645292,-77.67729446,52699,52699,3167,485,527,4179,7880,28171
19,300,GUACHENÉ,2012,5,3.133469293,-76.39302634,19300,19300,157,331,6,494,0,19815
25,317,GUACHETÁ,2011,5,5.38359009,-73.68689612,25317,25317,63,989,3,1055,11966,11385
52,317,GUACHUCAL,2011,5,0.960368496,-77.73165563,52317,52317,192,101,7,300,13434,15652
76,111,GUADALAJARA DE BUGA,2012,5,3.901401027,-76.29893404,76111,76111,3715,5065,4206,12986,105823,115234
5,315,GUADALUPE,2011,5,6.814107781,-75.23960029,5315,5315,1147,166,155,1468,6384,6300
41,319,GUADALUPE,2011,5,2.02475223,-75.75750939,41319,41319,1960,2420,137,4517,11832,21274
68,320,GUADALUPE,2011,5,6.245574633,-73.41933271,68320,68320,101,95,0,196,7654,4756
25,320,GUADUAS,2011,5,5.072489994,-74.60341455,25320,25320,1602,1436,322,3360,23874,38366
52,320,GUAITARILLA,2011,5,1.130656952,-77.54987727,52320,52320,371,254,25,650,13489,12011
52,323,GUALMATÁN,2011,5,0.91935844,-77.5664755,52323,52323,25,78,5,108,5213,5767
47,318,GUAMAL,2011,5,9.144758826,-74.22482201,47318,47318,2829,452,163,3444,26651,27253
50,318,GUAMAL,2011,5,3.879882455,-73.77082948,50318,50318,765,1003,52,1820,9167,9366
73,319,GUAMO,2011,5,4.029955464,-74.97149505,73319,73319,2103,710,22,2835,37291,32373
19,318,GUAPÍ,2011,5,2.57069211,-77.88568324,19318,19318,7636,4674,9832,22142,24850,29722
68,322,GUAPOTÁ,2011,5,6.30838749,-73.32090671,68322,68322,49,16,0,65,2533,2139
70,265,GUARANDA,2011,5,8.469047875,-74.53641529,70265,70265,4891,8166,532,13589,11666,17422
5,318,GUARNE,2011,5,6.277647709,-75.44133146,5318,5318,871,2757,334,3962,24838,47797
25,322,GUASCA,2011,5,4.867280661,-73.87740227,25322,25322,68,553,10,631,12452,14759
5,321,GUATAPÉ,2011,5,6.232337372,-75.15562697,5321,5321,1081,835,552,2468,5320,5279
25,324,GUATAQUÍ,2011,5,4.518104158,-74.79032746,25324,25324,117,43,4,164,2945,2630
25,326,GUATAVITA,2011,5,4.933964865,-73.83333745,25326,25326,26,10,0,36,5545,6898
15,322,GUATEQUE,2011,5,5.00708725,-73.47228448,15322,15322,170,231,7,408,10602,9603
66,318,GUÁTICA,2011,5,5.315825705,-75.79900806,66318,66318,1983,1543,856,4382,15049,15310
68,324,GUAVATÁ,2011,5,5.955061002,-73.70064027,68324,68324,219,33,0,252,6399,3679
73,55,GUAYABAL,2011,5,5.029970104,-74.88426306,73055,73055,1465,882,229,2576,30618,11960
25,328,GUAYABAL DE SÍQUIMA,2011,5,4.877941372,-74.46734836,25328,25328,723,199,71,993,4210,3638
25,335,GUAYABETAL,2011,5,4.217069459,-73.81703255,25335,25335,688,273,268,1229,4555,4931
15,325,GUAYATÁ,2011,5,4.966820087,-73.49011865,15325,15325,135,66,12,213,8811,5126
68,327,GÜEPSA,2011,5,6.025319743,-73.57389623,68327,68327,71,121,5,197,4172,3849
15,332,GÜICÁN,2011,5,6.462929587,-72.41206013,15332,15332,297,12,4,313,7312,6909
25,339,GUTIÉRREZ,2011,5,4.255452897,-74.00314027,25339,25339,560,15,92,667,4358,4097
54,344,HACARÍ,2011,5,8.321629406,-73.14590841,54344,54344,6076,1548,2519,10143,9917,10657
13,300,HATILLO DE LOBA,2011,5,8.956662763,-74.07744701,13300,13300,702,484,21,1207,0,11971
68,344,HATO,2011,5,6.542940636,-73.30811306,68344,68344,277,77,328,682,2536,2345
85,125,HATO COROZAL,2011,5,6.156391812,-71.76462754,85125,85125,2351,1095,665,4111,8122,12147
44,378,HATONUEVO,2011,5,11.06728208,-72.7625018,44378,44378,853,2233,60,3146,0,24916
5,347,HELICONIA,2011,5,6.206032884,-75.73478599,5347,5347,1531,376,386,2293,7926,5906
54,347,HERRÁN,2011,5,7.506185377,-72.48317121,54347,54347,81,46,193,320,5328,4045
73,347,HERVEO,2011,5,5.079945225,-75.17822503,73347,73347,1906,238,220,2364,12283,8100
5,353,HISPANIA,2011,5,5.799364153,-75.90723873,5353,5353,257,239,20,516,5022,4869
41,349,HOBO,2011,5,2.582394624,-75.45024705,41349,41349,993,684,68,1745,5540,6928
73,349,HONDA,2012,5,5.200982045,-74.74176149,73349,73349,831,665,8,1504,30217,24781
73,1,IBAGUÉ,2011,5,4.439630725,-75.19635015,73001,73001,10112,75833,10841,96786,349241,553524
73,352,ICONONZO,2011,5,4.176261863,-74.53190278,73352,73352,4447,658,307,5412,11765,10982
52,352,ILES,2011,5,0.968495857,-77.52139514,52352,52352,65,500,12,577,6819,8701
52,354,IMUÉS,2011,5,1.055198291,-77.49656757,52354,52354,95,356,2,453,7561,6236
94,1,INÍRIDA,2012,5,3.864698821,-67.91796259,94001,94001,1095,6312,1946,9353,10591,19816
19,355,INZÁ,2011,5,2.548738713,-76.06523059,19355,19355,2680,358,130,3168,21318,30803
52,356,IPIALES,2012,5,0.828204252,-77.6462686,52356,52356,2172,6111,3492,11775,74894,138679
41,357,ÍQUIRA,2011,5,2.650001345,-75.63504192,41357,41357,2838,605,510,3953,7407,12736
52,696,ISCUANDÉ,2011,5,2.450758225,-77.97992079,52696,52696,5916,480,4162,10558,7984,14752
27,361,ISTMINA,2011,5,5.153351003,-76.68600154,27361,27361,10924,8818,5390,25132,42912,25351
5,360,ITAGÜÍ,2011,5,6.169701645,-75.6134014,5360,5360,3594,16505,973,21072,157513,267851
5,361,ITUANGO,2011,5,7.17162301,-75.76416656,5361,5361,21623,673,17910,40206,26609,20996
15,362,IZA,2011,5,5.612358449,-72.9796484,15362,15362,24,17,0,41,1608,2349
19,364,JAMBALÓ,2011,5,2.777700218,-76.32446228,19364,19364,1279,45,2496,3820,7925,17590
76,364,JAMUNDÍ,2012,5,3.262996514,-76.54023054,76364,76364,5848,9002,4418,19268,44438,119566
5,364,JARDÍN,2011,5,5.595985092,-75.81703013,5364,5364,1038,551,154,1743,13183,13748
15,367,JENESANO,2011,5,5.384879362,-73.36395846,15367,15367,31,57,0,88,7041,7640
5,368,JERICÓ,2011,5,5.792455576,-75.78462771,5368,5368,256,345,19,620,15285,12103
15,368,JERICÓ,2011,5,6.146058629,-72.57032992,15368,15368,243,16,7,266,6122,4010
25,368,JERUSALÉN,2011,5,4.562437847,-74.69466011,25368,25368,378,14,18,410,3924,2679
68,368,JESÚS MARÍA,2011,5,5.87653149,-73.78278259,68368,68368,158,36,10,204,4456,3137
68,370,JORDÁN SUBE,2011,5,6.73237659,-73.0959832,68370,68370,32,31,0,63,1482,1103
8,372,JUAN DE ACOSTA,2012,5,10.82932905,-75.03471678,8372,8372,76,568,0,644,10840,16806
25,372,JUNÍN,2011,5,4.790628958,-73.66287149,25372,25372,338,35,11,384,10709,8610
27,372,JURADÓ,2011,5,7.106039595,-77.7646171,27372,27372,3798,246,1426,5470,4247,3319
23,350,LA APARTADA Y LA FRONTERA,2011,5,8.044359313,-75.3338153,23350,23350,1878,3477,346,5701,0,15204
41,378,LA ARGENTINA,2011,5,2.198371927,-75.97919676,41378,41378,1685,1635,180,3500,7625,14021
68,377,LA BELLEZA,2011,5,5.859280669,-73.96495194,68377,68377,1376,172,82,1630,9138,8587
25,377,LA CALERA,2011,5,4.720144009,-73.97012389,25377,25377,123,366,3,492,17263,27527
15,380,LA CAPILLA,2011,5,5.09555867,-73.44501063,15380,15380,42,11,0,53,3866,2550
5,376,LA CEJA,2011,5,6.029799486,-75.42797738,5376,5376,1234,5589,851,7674,28766,52723
66,383,LA CELIA,2011,5,5.003370112,-76.00319329,66383,66383,856,655,70,1581,10061,8591
91,405,LA CHORRERA,2011,5,-1.443694651,-72.78923127,91405,91405,129,23,2,154,3433,3878
52,378,LA CRUZ,2011,5,1.600624326,-76.97132248,52378,52378,1848,884,710,3442,15622,18220
76,377,LA CUMBRE,2011,5,3.647189294,-76.56816646,76377,76377,1117,550,129,1796,11226,11514
17,380,LA DORADA,2006,5,5.443899994,-74.67445215,17380,17380,3567,6229,73,9869,56172,76963
54,385,LA ESPERANZA,2011,5,7.639492659,-73.32743359,54385,54385,3220,1130,160,4510,0,12012
5,380,LA ESTRELLA,2011,5,6.156625357,-75.63794303,5380,5380,540,3038,101,3679,34369,62348
52,381,LA FLORIDA,2011,5,1.298714413,-77.40566936,52381,52381,1471,1455,51,2977,10097,9555
20,383,LA GLORIA,2011,5,8.618015129,-73.80111141,20383,20383,5432,1814,1010,8256,11499,12938
94,885,LA GUADALUPE,1993,0,1.407677208,-67.0046768,94885,94885,0,0,0,0,132,358
86,865,LA HORMIGA,2011,5,0.423385053,-76.90473375,86865,86865,36293,3725,9174,49192,34126,51842
20,400,LA JAGUA DE IBIRICO,2011,5,9.562867056,-73.33555181,20400,20400,12302,2809,4915,20026,18887,22282
44,420,LA JAGUA DEL PILAR,2011,5,10.51075068,-73.07159495,44420,44420,945,362,213,1520,0,3213
52,385,LA LLANADA,2011,5,1.472922187,-77.58000042,52385,52385,1215,996,1159,3370,0,5813
50,350,LA MACARENA,2011,5,2.18362947,-73.78646619,50350,50350,9639,260,1625,11524,7544,32861
17,388,LA MERCED,2011,5,5.394804559,-75.54734816,17388,17388,899,226,52,1177,10429,5508
25,386,LA MESA,2011,5,4.631284917,-74.46126049,25386,25386,785,1280,23,2088,17788,31350
18,410,LA MONTAÑITA,2011,5,1.488330221,-75.43614703,18410,18410,19482,1664,5285,26431,16600,23620
25,394,LA PALMA,2011,5,5.358965225,-74.39091128,25394,25394,12638,471,2942,16051,15955,10727
68,397,LA PAZ,2011,5,6.178568147,-73.58956795,68397,68397,553,55,7,615,7826,5152
91,407,LA PEDRERA,2011,5,-1.322461494,-69.57842488,91407,91407,106,4,20,130,1388,4985
25,398,LA PEÑA,2011,5,5.198874378,-74.39407654,25398,25398,1285,165,179,1629,8606,7029
5,390,LA PINTADA,2011,5,5.739135854,-75.60621806,5390,5390,804,440,148,1392,0,6558
41,396,LA PLATA,2011,5,2.389327718,-75.89111222,41396,41396,5471,4500,468,10439,37985,62728
54,398,LA PLAYA,2011,5,8.213593826,-73.23813909,54398,54398,3713,384,292,4389,8425,8546
99,524,LA PRIMAVERA,2011,5,5.491205216,-70.41300943,99524,99524,1831,980,373,3184,4614,15342
85,136,LA SALINA,2011,5,6.12782036,-72.33396779,85136,85136,261,55,18,334,1116,1420
19,392,LA SIERRA,2011,5,2.177041682,-76.76320226,19392,19392,3069,208,75,3352,11201,10643
63,401,LA TEBAIDA,2012,5,4.4529924,-75.78669575,63401,63401,440,4773,23,5236,20301,42163
52,390,LA TOLA,2011,5,2.399225333,-78.19021309,52390,52390,2297,147,1821,4265,0,12584
5,400,LA UNIÓN,2011,5,5.974351772,-75.36057471,5400,5400,3346,3829,4722,11897,13811,19119
52,399,LA UNIÓN,2011,5,1.592477177,-77.12838567,52399,52399,1602,2812,109,4523,20553,26078
70,400,LA UNIÓN,2011,5,8.853834215,-75.2820116,70400,70400,368,361,14,743,7653,11170
76,400,LA UNIÓN,2011,5,4.53509483,-76.10295695,76400,76400,1177,1465,83,2725,21760,37711
15,403,LA UVITA,2011,5,6.31679484,-72.55943786,15403,15403,89,7,0,96,11624,2523
19,397,LA VEGA,2011,5,2.004638391,-76.78150374,19397,19397,10550,310,190,11050,23817,45563
25,402,LA VEGA,2011,5,4.991876057,-74.33676325,25402,25402,197,563,0,760,10387,14230
76,403,LA VICTORIA,2011,5,4.524440841,-76.03621421,76403,76403,783,503,5,1291,15634,13253
15,401,LA VICTORIA,2011,5,5.523149172,-74.2345974,15401,15401,55,14,0,69,1898,1674
91,430,LA VICTORIA,1996,0,-0.112116275,-71.13053117,91430,91430,0,0,0,0,0,1102
66,400,LA VIRGINIA,2011,5,4.898061822,-75.87832327,66400,66400,1367,3695,68,5130,25150,32037
54,377,LABATECA,2011,5,7.29839429,-72.49606203,54377,54377,304,102,7,413,7496,5867
15,377,LABRANZAGRANDE,2011,5,5.562589651,-72.57821138,15377,15377,1212,33,111,1356,5522,5099
68,385,LANDÁZURI,2011,5,6.218718588,-73.80922136,68385,68385,3892,1797,831,6520,12721,15374
68,406,LEBRIJA,2008,5,7.113206895,-73.2199315,68406,68406,4044,5446,897,10387,23825,38560
52,405,LEIVA,2011,5,1.93436757,-77.30633585,52405,52405,5906,838,2063,8807,9082,13849
50,400,LEJANÍAS,2011,5,3.526078403,-74.02472367,50400,50400,7383,2211,1252,10846,11859,9403
25,407,LENGUAZAQUE,2011,5,5.306026496,-73.71144523,25407,25407,11,30,0,41,9379,10268
73,408,LÉRIDA,2011,5,4.861051741,-74.91160229,73408,73408,2703,996,701,4400,19169,17584
91,1,LETICIA,2006,5,-4.212800602,-69.93971216,91001,91001,823,1970,49,2842,22428,41326
73,411,LÍBANO,2011,5,4.923320268,-75.06299005,73411,73411,9439,6149,7201,22789,44590,40456
5,411,LIBORINA,2011,5,6.677832604,-75.8121653,5411,5411,2727,454,2699,5880,10561,9535
52,411,LINARES,2011,5,1.35127831,-77.52362692,52411,52411,2508,2350,65,4923,13984,10042
27,413,LLORÓ,2011,5,5.499961862,-76.54252474,27413,27413,4212,280,3560,8052,9099,11197
19,418,LÓPEZ,2011,5,2.845916625,-77.2482771,19418,19418,12377,631,8459,21467,18364,20316
23,419,LOS CÓRDOBAS,2011,5,8.895108781,-76.35470999,23419,23419,2966,4064,211,7241,13003,23760
70,418,LOS PALMITOS,2011,5,9.38017706,-75.26813259,70418,70418,8269,4958,3265,16492,16166,19257
54,405,LOS PATIOS,2011,5,7.833492673,-72.50603675,54405,54405,905,3132,42,4079,30842,76531
68,418,LOS SANTOS,2011,5,6.75588429,-73.1019992,68418,68418,103,161,0,264,9148,12185
54,418,LOURDES,2011,5,7.945235869,-72.83204691,54418,54418,330,166,379,875,4150,3365
8,421,LURUACO,2012,5,10.6108622,-75.14235164,8421,8421,675,817,40,1532,21149,26886
15,425,MACANAL,2011,5,4.972217331,-73.31952118,15425,15425,172,103,13,288,5211,4821
68,425,MACARAVITA,2011,5,6.506767985,-72.59328888,68425,68425,493,22,21,536,4695,2378
5,425,MACEO,2011,5,6.553465538,-74.78790207,5425,5425,2065,801,308,3174,9221,6855
25,426,MACHETÁ,2011,5,5.080263336,-73.60828773,25426,25426,182,43,4,229,8972,6316
25,430,MADRID,2012,5,4.732845204,-74.26675545,25430,25430,85,2517,10,2612,33795,77627
13,430,MAGANGUÉ,2006,5,9.241367467,-74.75566786,13430,13430,12537,41642,2291,56470,91112,123737
13,433,MAHATES,2011,5,10.2331675,-75.19068859,13433,13433,3098,1641,2025,6764,21020,25786
44,430,MAICAO,2012,5,11.37836187,-72.2415514,44430,44430,9495,11363,1988,22846,81566,157054
70,429,MAJAGUAL,2011,5,8.54183695,-74.62834364,70429,70429,5646,1969,481,8096,25507,33258
68,432,MÁLAGA,2012,5,6.702177521,-72.73213331,68432,68432,1147,918,67,2132,16762,18382
8,433,MALAMBO,2012,5,10.85759676,-74.77515839,8433,8433,975,13682,30,14687,53891,121281
27,135,MANAGRÚ,2011,5,5.335386671,-76.72722006,27135,27135,920,528,244,1692,0,7970
8,436,MANATÍ,2006,5,10.44704656,-74.95941141,8436,8436,155,399,8,562,16960,15723
44,560,MANAURE,2011,5,11.76999449,-72.4411883,44560,44560,550,1067,115,1732,19234,103961
20,443,MANAURE BALCÓN DEL CESAR,2011,5,10.39074832,-73.0288341,20443,20443,2269,3611,1500,7380,6930,14514
85,139,MANÍ,2011,5,4.817399352,-72.28076677,85139,85139,2139,999,2219,5357,7871,11139
17,1,MANIZALES,2011,5,5.056447091,-75.49003733,17001,17001,2766,19398,786,22950,299414,396075
25,436,MANTA,2011,5,5.00919863,-73.54047,25436,25436,139,46,0,185,6990,4719
17,433,MANZANARES,2011,5,5.254101605,-75.15350199,17433,17433,2161,3431,408,6000,25971,23274
50,325,MAPIRIPÁN,2011,5,2.89200026,-72.13324949,50325,50325,18684,1773,4290,24747,0,17229
94,663,MAPIRIPANA,1993,0,2.941233334,-70.13746376,94663,94663,0,0,0,0,0,2845
13,440,MARGARITA,2011,5,9.160153773,-74.28498784,13440,13440,691,233,6,930,9741,9876
13,442,MARÍA LA BAJA,2011,5,9.985133439,-75.30320145,13442,13442,16697,3779,16519,36995,34022,48079
5,440,MARINILLA,2012,5,6.17354814,-75.33807844,5440,5440,1946,8065,1969,11980,33477,53374
15,442,MARIPÍ,2011,5,5.549292772,-74.00464881,15442,15442,440,73,0,513,8963,7480
17,442,MARMATO,2011,5,5.474553802,-75.6007335,17442,17442,449,101,2,552,6002,9096
17,444,MARQUETALIA,2011,5,5.295444868,-75.05162637,17444,17444,4083,2157,2510,8750,14432,14992
66,440,MARSELLA,2011,5,4.936665317,-75.73852715,66440,66440,489,1084,13,1586,21051,23304
17,446,MARULANDA,2011,5,5.284286046,-75.25983535,17446,17446,1367,94,486,1947,4477,3406
68,444,MATANZA,2011,5,7.322843721,-73.01608193,68444,68444,2275,592,120,2987,7124,5297
5,1,MEDELLÍN,2010,5,6.248940809,-75.57705563,5001,5001,41118,373898,81812,496828,1535955,2464322
25,438,MEDINA,2011,5,4.508017713,-73.35013054,25438,25438,3659,1029,1738,6426,13754,10108
73,449,MELGAR,2011,5,4.205428002,-74.62696619,73449,73449,339,2677,7,3023,23003,36047
19,450,MERCADERES,2011,5,1.79118775,-77.16257136,19450,19450,5918,3702,1242,10862,25177,18061
50,330,MESETAS,2011,5,3.382245855,-74.04436642,50330,50330,11555,666,913,13134,17674,11287
18,460,MILÁN,2011,5,1.29064424,-75.50753031,18460,18460,14459,654,1762,16875,12945,11745
15,455,MIRAFLORES,2011,5,5.1959458,-73.14486261,15455,15455,665,557,29,1251,9886,9777
95,200,MIRAFLORES,2011,5,1.33679173,-71.95126031,95200,95200,11685,159,624,12468,6931,14439
19,455,MIRANDA,2011,5,3.251894066,-76.22967043,19455,19455,2696,1807,3882,8385,20406,39718
91,460,MIRITÍ - PARANÁ,1993,0,-0.685366335,-71.18588011,91460,91460,0,0,0,0,2143,1531
66,456,MISTRATÓ,2011,5,5.297098198,-75.88205185,66456,66456,4647,718,799,6164,13975,16185
97,1,MITÚ,2012,5,1.251142679,-70.23498631,97001,97001,3457,992,4209,8658,15642,31568
86,1,MOCOA,2012,5,1.151519449,-76.65087431,86001,86001,7910,34280,1750,43940,40672,42074
68,464,MOGOTES,2011,5,6.475387269,-72.97046229,68464,68464,586,230,38,854,13191,10880
68,468,MOLAGAVITA,2011,5,6.67384551,-72.80903168,68468,68468,489,0,5,494,8584,5193
23,464,MOMIL,2011,5,9.240021569,-75.67667298,23464,23464,619,774,20,1413,11300,14864
13,468,MOMPÓS,2011,5,9.241021974,-74.42579943,13468,13468,3080,1244,53,4377,32493,44124
15,464,MONGUA,2011,5,5.752830427,-72.80020513,15464,15464,100,31,106,237,6330,4717
15,466,MONGUÍ,2011,5,5.723361644,-72.84887988,15466,15466,13,32,0,45,6223,4986
15,469,MONIQUIRÁ,2011,5,5.876972142,-73.57369403,15469,15469,267,378,0,645,22551,21402
5,467,MONTEBELLO,2011,5,5.946563659,-75.52375393,5467,5467,3286,379,1094,4759,9205,6197
13,458,MONTECRISTO,2011,5,8.29331961,-74.47580245,13458,13458,19797,701,6470,26968,0,21229
23,466,MONTELÍBANO,2011,5,7.977922227,-75.4184836,23466,23466,21646,14794,20362,56802,40014,81341
63,470,MONTENEGRO,2012,5,4.562970357,-75.75080862,63470,63470,698,5206,16,5920,30653,41291
23,1,MONTERÍA,2010,5,8.746422583,-75.87663465,23001,23001,14282,89511,19567,123360,249406,441301
85,162,MONTERREY,2011,5,4.87762201,-72.89388293,85162,85162,1912,1623,365,3900,7130,14831
23,500,MOÑITOS,2011,5,9.246382083,-76.12968073,23500,23500,2797,2442,326,5565,17707,27433
13,473,MORALES,2011,5,8.275812535,-73.86788188,13473,13473,9681,2089,4218,15988,22553,21182
19,473,MORALES,2011,5,2.758064485,-76.63081088,19473,19473,3578,1569,5946,11093,18865,25963
18,479,MORELIA,2011,5,1.487622285,-75.72454094,18479,18479,2549,1472,586,4607,3230,3813
94,888,MORICHAL,1993,0,2.429802168,-69.83284333,94888,94888,0,0,0,0,408,1192
70,473,MORROA,2011,5,9.328924943,-75.31039861,70473,70473,5928,1299,2518,9745,9221,14429
25,473,MOSQUERA,2012,5,4.712428535,-74.22764306,25473,25473,110,2857,1,2968,16505,82750
52,473,MOSQUERA,2011,5,2.509225746,-78.45137601,52473,52473,2629,1176,180,3985,7134,16270
15,476,MOTAVITA,2011,5,5.577542554,-73.36765865,15476,15476,5,18,0,23,4799,8067
73,461,MURILLO,2011,5,4.875409693,-75.17031866,73461,73461,1996,166,197,2359,6275,5029
5,475,MURINDÓ,2011,5,6.976967167,-76.81998652,5475,5475,1476,3166,1676,6318,2253,4593
5,480,MUTATÁ,2011,5,7.243963173,-76.4367047,5480,5480,26947,12516,14549,54012,9350,20612
54,480,MUTISCUA,2011,5,7.300240082,-72.74708015,54480,54480,46,31,0,77,3817,3759
15,480,MUZO,2011,5,5.532014895,-74.10293904,15480,15480,917,221,44,1182,12117,9040
5,483,NARIÑO,2011,5,5.610995522,-75.17492129,5483,5483,13782,1286,6129,21197,15352,17291
52,480,NARIÑO,2011,5,1.289543433,-77.35816287,52480,52480,391,540,15,946,0,4870
25,483,NARIÑO,2011,5,4.399203383,-74.82674664,25483,25483,61,22,0,83,2319,2203
41,483,NÁTAGA,2011,5,2.545781934,-75.8090373,41483,41483,1353,229,57,1639,4686,6338
73,483,NATAGAIMA,2011,5,3.624775016,-75.09303885,73483,73483,9354,767,2030,12151,23720,22574
5,495,NECHÍ,2011,5,8.088078176,-74.77679927,5495,5495,8178,3673,3512,15363,11063,26591
5,490,NECOCLÍ,2011,5,8.426025281,-76.78762125,5490,5490,35693,13008,7778,56479,25987,62365
17,486,NEIRA,2011,5,5.166415936,-75.51976932,17486,17486,1349,594,86,2029,24895,30513
41,1,NEIVA,2011,5,2.935545592,-75.27794587,41001,41001,8289,61885,5880,76054,218422,342117
25,486,NEMOCÓN,2011,5,5.06759181,-73.87889069,25486,25486,14,254,0,268,7625,13488
25,488,NILO,2011,5,4.30676498,-74.62025384,25488,25488,66,333,8,407,7493,18384
25,489,NIMAIMA,2011,5,5.125570665,-74.38661241,25489,25489,302,84,60,446,4634,6679
15,491,NOBSA,2011,5,5.770571138,-72.94026073,15491,15491,42,305,3,350,11346,16271
25,491,NOCAIMA,2011,5,5.069415606,-74.37747361,25491,25491,156,293,0,449,7883,8004
17,495,NORCASIA,2011,5,5.575276372,-74.88917962,17495,17495,971,1551,212,2734,0,6374
13,490,NOROSÍ,2011,5,8.527712903,-74.03752261,13490,13490,2090,4210,154,6454,0,5204
27,491,NÓVITA,2011,5,4.956094527,-76.60706945,27491,27491,4225,99,539,4863,8521,7957
15,494,NUEVO COLÓN,2011,5,5.355066956,-73.45706654,15494,15494,28,29,0,57,5748,6559
85,225,NUNCHÍA,2011,5,5.637129374,-72.19538265,85225,85225,1312,289,280,1881,6980,8827
27,495,NUQUÍ,2011,5,5.708618523,-77.26655367,27495,27495,1860,709,1291,3860,5998,8576
76,497,OBANDO,2011,5,4.574930857,-75.97473076,76497,76497,557,766,29,1352,15466,14978
68,498,OCAMONTE,2011,5,6.340335721,-73.12204644,68498,68498,61,44,0,105,5085,4775
54,498,OCAÑA,2012,5,8.246666365,-73.35519572,54498,54498,7697,25596,3847,37140,71375,98229
68,500,OIBA,2011,5,6.267548536,-73.30043128,68500,68500,168,293,3,464,9309,11738
15,500,OICATÁ,2011,5,5.594409176,-73.30775368,15500,15500,5,11,0,16,2360,2834
5,501,OLAYA,2011,5,6.627819406,-75.81290372,5501,5501,385,171,15,571,3214,3237
68,502,ONZAGA,2011,5,6.343885269,-72.81240264,68502,68502,303,48,18,369,8786,5054
41,503,OPORAPA,2011,5,2.025555761,-75.99524613,41503,41503,1435,1055,27,2517,7287,13523
86,320,ORITO,2011,5,0.676020477,-76.88020986,86320,86320,21729,4900,5368,31997,19992,52580
85,230,OROCUÉ,2011,5,4.790173152,-71.33845354,85230,85230,1076,660,244,1980,5162,8309
73,504,ORTEGA,2011,5,3.935055941,-75.22079414,73504,73504,11168,607,535,12310,35431,32524
52,506,OSPINA,2011,5,1.0585296,-77.5660718,52506,52506,42,92,5,139,6203,8713
15,507,OTANCHE,2011,5,5.657992699,-74.18131018,15507,15507,1440,349,96,1885,7359,10660
70,508,OVEJAS,2011,5,9.525985964,-75.22880769,70508,70508,29643,2107,15479,47229,21756,21091
15,511,PACHAVITA,2011,5,5.140042028,-73.39732288,15511,15511,14,30,0,44,4312,2508
25,513,PACHO,2011,5,5.136015547,-74.15522936,25513,25513,1099,1499,98,2696,25742,27179
97,511,PACOA,1993,0,-0.016169625,-70.53969791,97511,97511,0,0,0,0,1591,5709
17,513,PÁCORA,2011,5,5.528686896,-75.46000891,17513,17513,1321,167,196,1684,20450,11952
19,513,PADILLA,2011,5,3.223545919,-76.31350981,19513,19513,264,170,7,441,8912,7882
15,514,PÁEZ,2011,5,5.100660414,-73.05200057,15514,15514,813,147,908,1868,5082,2913
41,518,PAICOL,2011,5,2.449614362,-75.77509768,41518,41518,133,365,3,501,4624,5565
20,517,PAILITAS,2011,5,8.956042995,-73.62539879,20517,20517,10071,3876,6577,20524,13250,17166
27,600,PAIMADÓ,2011,5,5.483440681,-76.73924427,27600,27600,2154,112,1452,3718,0,8961
25,518,PAIME,2011,5,5.370820318,-74.15280462,25518,25518,963,104,35,1102,7421,4502
15,516,PAIPA,2011,5,5.780489101,-73.11674378,15516,15516,51,702,0,753,21669,30740
19,760,PAISPAMBA,2011,5,2.253217203,-76.61417097,19760,19760,1894,195,39,2128,9977,16968
15,518,PAJARITO,2011,5,5.293800672,-72.70256633,15518,15518,724,577,19,1320,3467,1719
41,524,PALERMO,2011,5,2.887341291,-75.43403314,41524,41524,1615,2355,218,4188,17285,32681
17,524,PALESTINA,2011,5,5.019116344,-75.62111339,17524,17524,800,742,27,1569,16907,17760
41,530,PALESTINA,2011,5,1.723503041,-76.13301718,41530,41530,975,1499,0,2474,6912,11565
68,522,PALMAR,2011,5,6.5381966,-73.29121119,68522,68522,37,41,0,78,1411,3330
8,520,PALMAR DE VARELA,2011,5,10.74060208,-74.75374593,8520,8520,126,3064,2,3192,17923,25338
68,524,PALMAS DEL SOCORRO,2011,5,6.405928387,-73.28795271,68524,68524,8,191,0,199,2391,2241
76,520,PALMIRA,2008,5,3.532937093,-76.29821568,76520,76520,3911,9368,1754,15033,228699,304735
70,523,PALMITO,2011,5,9.333144057,-75.5411704,70523,70523,2031,816,225,3072,6310,13682
73,520,PALOCABILDO,2011,5,5.120480135,-75.02334323,73520,73520,2639,584,11,3234,0,9197
54,518,PAMPLONA,2012,5,7.373134603,-72.64770244,54518,54518,480,1212,48,1740,41773,57393
54,520,PAMPLONITA,2011,5,7.435853979,-72.63843801,54520,54520,58,47,8,113,5501,4932
94,887,PANA PANA,1993,0,1.97529249,-69.11993961,94887,94887,0,0,0,0,883,3149
25,524,PANDI,2011,5,4.191231526,-74.48673446,25524,25524,1417,265,41,1723,4650,5658
15,522,PANQUEBA,2011,5,6.443295614,-72.45912072,15522,15522,75,0,2,77,2867,1487
97,777,PAPUNAUA,1993,0,1.567932124,-70.91555154,97777,97777,0,0,0,0,676,845
68,533,PÁRAMO,2011,5,6.416534979,-73.17029158,68533,68533,21,15,0,36,2966,4112
25,530,PARATEBUENO,2011,5,4.375026288,-73.21286386,25530,25530,1137,895,143,2175,5457,7726
25,535,PASCA,2011,5,4.310272836,-74.304976,25535,25535,919,245,16,1180,10564,12175
15,531,PAUNA,2011,5,5.656536552,-73.97858158,15531,15531,592,202,30,824,11186,10778
15,533,PAYA,2011,5,5.626395214,-72.42231608,15533,15533,434,6,47,487,2552,2550
52,427,PAYÁN,2011,5,1.766123527,-78.18430368,52427,52427,5269,128,2557,7954,4439,22437
85,250,PAZ DE ARIPORO,2011,5,5.881402623,-71.89172868,85250,85250,3123,2898,906,6927,18133,26606
15,537,PAZ DE RÍO,2011,5,5.987680542,-72.74881926,15537,15537,72,57,2,131,7344,4680
47,541,PEDRAZA,2011,5,10.1878086,-74.91515548,47541,47541,2807,729,169,3705,14871,8066
20,550,PELAYA,2011,5,8.687890965,-73.66591297,20550,20550,8414,3585,3853,15852,12833,17910
17,541,PENSILVANIA,2011,5,5.384608145,-75.15923798,17541,17541,13118,1439,7155,21712,28469,26361
5,541,PEÑOL,2011,5,6.221683183,-75.21237225,5541,5541,3335,1268,2091,6694,14510,15889
5,543,PEQUE,2011,5,7.022099872,-75.90867121,5543,5543,6270,354,9592,16216,7386,10925
66,1,PEREIRA,2011,5,4.80700197,-75.71826705,66001,66001,3693,54482,801,58976,303843,469612
15,542,PESCA,2011,5,5.558448018,-73.05089059,15542,15542,103,44,33,180,13640,8032
19,533,PIAMONTE,2012,5,1.115676908,-76.32672139,19533,19533,8182,1302,573,10057,0,7347
27,25,PIE DE PATO,2011,5,5.516136848,-76.97463695,27025,27025,12542,82,11046,23670,17327,36773
68,547,PIEDECUESTA,2011,5,6.995474842,-73.05430826,68547,68547,1103,11996,365,13464,50853,149248
52,435,PIEDRANCHA,2011,5,1.140841618,-77.86465833,52435,52435,1245,672,343,2260,6463,7755
73,547,PIEDRAS,2011,5,4.543528176,-74.87772291,73547,73547,135,146,3,284,5916,5619
19,548,PIENDAMÓ,2011,5,2.638574387,-76.52859803,19548,19548,1802,3186,218,5206,22468,42886
63,548,PIJAO,2011,5,4.334497096,-75.70319879,63548,63548,1560,1390,346,3296,8005,6139
47,545,PIJIÑO,2011,5,9.331691273,-74.45769135,47545,47545,1036,303,317,1656,0,15759
68,549,PINCHOTE,2011,5,6.532592063,-73.17265097,68549,68549,53,30,0,83,3669,5201
13,549,PINILLOS,2011,5,8.914778651,-74.46187224,13549,13549,6694,2077,768,9539,29169,24923
8,549,PIOJÓ,2012,5,10.74960351,-75.10754905,8549,8549,431,230,26,687,5784,5134
15,550,PISBA,2011,5,5.72346654,-72.4827302,15550,15550,411,20,20,451,1733,1344
41,548,PITAL,2011,5,2.266981389,-75.80483705,41548,41548,656,1000,40,1696,10524,13685
41,551,PITALITO,2006,5,1.85305559,-76.04926342,41551,41551,8053,29612,607,38272,58113,125839
47,551,PIVIJAY,2011,5,10.46134401,-74.6153957,47551,47551,34880,4127,8621,47628,43370,33924
27,77,PIZARRO,2011,5,4.953515249,-77.36599158,27077,27077,5498,1858,7992,15348,23445,17402
73,555,PLANADAS,2011,5,3.197021377,-75.64378388,73555,73555,19934,1721,2099,23754,26770,29935
23,555,PLANETA RICA,2006,5,8.409121495,-75.58409656,23555,23555,6754,10144,1288,18186,50298,67188
47,555,PLATO,2011,5,9.793402606,-74.78364483,47555,47555,15644,10394,7113,33151,74279,57848
52,540,POLICARPA,2011,5,1.627891779,-77.46043331,52540,52540,15417,1574,6959,23950,7622,16834
8,558,POLONUEVO,2006,5,10.77744111,-74.854128,8558,8558,152,390,0,542,10322,15283
8,560,PONEDERA,2006,5,10.64191783,-74.74939644,8560,8560,192,1984,3,2179,15335,22247
19,1,POPAYÁN,2011,5,2.447698554,-76.62446903,19001,19001,4522,110174,1450,116146,165304,277540
85,263,PORE,2011,5,5.726766202,-71.99239281,85263,85263,2189,510,320,3019,6464,7921
52,560,POTOSÍ,2011,5,0.806728431,-77.5725367,52560,52560,418,711,18,1147,12647,12137
76,563,PRADERA,2011,5,3.419437767,-76.24104111,76563,76563,3875,3061,2176,9112,35981,55147
73,563,PRADO,2011,5,3.750763841,-74.92760735,73563,73563,5730,607,1376,7713,10420,7791
47,980,PRADO - SEVILLA,2006,5,10.76389515,-74.13923254,47980,47980,33390,6680,6275,46345,0,60524
52,565,PROVIDENCIA,2011,5,1.239125832,-77.59747383,52565,52565,441,929,145,1515,0,13256
88,564,PROVIDENCIA,2012,5,13.37012422,-81.37090914,88564,88564,9,5,5,19,3676,5137
20,570,PUEBLO BELLO,2011,5,10.41496879,-73.58700594,20570,20570,8159,1752,4549,14460,0,22275
23,570,PUEBLO NUEVO,2011,5,8.502655644,-75.50817755,23570,23570,3379,2126,1553,7058,23334,38559
25,653,PUEBLO NUEVO,2011,5,5.333248772,-74.02321518,25653,25653,281,37,3,321,6648,5344
66,572,PUEBLO RICO,2011,5,5.222091189,-76.03079891,66572,66572,9985,1821,2363,14169,12163,13293
5,576,PUEBLORRICO,2011,5,5.793416085,-75.84057784,5576,5576,1224,169,95,1488,9184,7030
47,570,PUEBLOVIEJO,2011,5,10.99484958,-74.281975,47570,47570,6364,1947,1640,9951,16894,30462
68,572,PUENTE NACIONAL,2011,5,5.878191492,-73.67750975,68572,68572,319,203,6,528,16400,12476
52,573,PUERRES,2011,5,0.883414836,-77.50300513,52573,52573,413,603,87,1103,9170,8384
91,530,PUERTO ALEGRÍA,2011,5,-1.005485538,-74.01434993,91530,91530,116,29,0,145,0,1941
91,536,PUERTO ARICA,2011,5,-2.149548074,-71.75463105,91536,91536,143,0,11,154,0,1350
86,568,PUERTO ASÍS,2011,5,0.504218751,-76.49783667,86568,86568,28980,15777,16732,61489,57488,60138
5,579,PUERTO BERRÍO,2011,5,6.490066539,-74.40463631,5579,5579,7504,3086,243,10833,30166,46883
15,572,PUERTO BOYACÁ,2011,5,5.973313795,-74.57505414,15572,15572,4500,2973,143,7616,32060,55286
86,569,PUERTO CAICEDO,2011,5,0.685064179,-76.60451782,86569,86569,13239,1721,2429,17389,0,14575
99,1,PUERTO CARREÑO,2012,5,6.187035355,-67.48722921,99001,99001,1768,3526,229,5523,9695,15753
8,573,PUERTO COLOMBIA,2006,5,10.98749199,-74.95130796,8573,8573,154,2748,5,2907,23155,27103
94,884,PUERTO COLOMBIA,1993,0,2.581919855,-68.26494186,94884,94884,0,0,0,0,1319,4736
50,450,PUERTO CONCORDIA,2011,5,2.623791542,-72.75710046,50450,50450,7713,1444,2649,11806,0,20897
23,574,PUERTO ESCONDIDO,2011,5,9.003544114,-76.26158985,23574,23574,2334,2525,57,4916,12988,29141
50,568,PUERTO GAITÁN,2011,5,4.31202706,-72.08295486,50568,50568,6061,1918,447,8426,12954,18556
86,571,PUERTO GUZMÁN,2011,5,0.963535948,-76.40802175,86571,86571,29482,1297,2379,33158,0,23699
86,573,PUERTO LEGUÍZAMO,2011,5,-0.184973168,-74.78366995,86573,86573,12076,4056,2991,19123,14098,15445
23,580,PUERTO LIBERTADOR,2011,5,7.889279214,-75.67202229,23580,23580,17947,7023,24977,49947,16220,47643
50,577,PUERTO LLERAS,2011,5,3.269408421,-73.37317866,50577,50577,9257,806,967,11030,9576,9817
50,573,PUERTO LÓPEZ,2011,5,4.092853697,-72.95586,50573,50573,3689,3766,475,7930,21786,33440
27,430,PUERTO MELUK,2011,5,5.050931657,-77.05237614,27430,27430,5310,625,2679,8614,0,13560
5,585,PUERTO NARE,2011,5,6.187705467,-74.58304149,5585,5585,2158,2483,187,4828,18640,18654
91,540,PUERTO NARIÑO,2011,5,-3.789916303,-70.35648014,91540,91540,40,24,4,68,3013,8162
68,573,PUERTO PARRA,2011,5,6.652557231,-74.05584919,68573,68573,2024,1395,686,4105,6201,7548
13,810,PUERTO RICO,2011,5,8.556467205,-74.26478772,13810,13810,19216,831,7626,27673,0,22041
18,592,PUERTO RICO,2011,5,1.910181456,-75.15785699,18592,18592,23396,5453,2780,31629,34830,33347
50,590,PUERTO RICO,2011,5,2.941649276,-73.20748601,50590,50590,17600,624,4105,22329,18586,18626
81,591,PUERTO RONDÓN,2011,5,6.279863386,-71.10306943,81591,81591,2526,877,1026,4429,2521,3844
25,572,PUERTO SALGAR,2012,5,5.464979236,-74.65271812,25572,25572,576,1526,5,2107,13638,18688
54,553,PUERTO SANTANDER,2011,5,8.361170349,-72.409351,54553,54553,1331,1284,54,2669,0,10249
91,669,PUERTO SANTANDER,2011,5,-0.622297756,-72.38327445,91669,91669,332,2,7,341,1353,2932
19,573,PUERTO TEJADA,2012,5,3.232659293,-76.41706837,19573,19573,1820,1067,53,2940,33796,45678
5,591,PUERTO TRIUNFO,2011,5,5.884583117,-74.63878227,5591,5591,1847,5213,59,7119,8709,20062
68,575,PUERTO WILCHES,2012,5,7.349374002,-73.89812861,68575,68575,7724,3807,916,12447,23058,31511
25,580,PULÍ,2011,5,4.681879704,-74.71422328,25580,25580,1410,122,46,1578,4861,2999
47,960,PUNTA DE PIEDRAS,2011,5,10.16935704,-74.71712026,47960,47960,2554,465,282,3301,0,8801
52,585,PUPIALES,2011,5,0.870991054,-77.63960362,52585,52585,125,505,0,630,14749,19388
73,585,PURIFICACIÓN,2011,5,3.858253753,-74.93085835,73585,73585,2404,857,210,3471,26064,29284
23,586,PURÍSIMA DE LA CONCEPCIÓN,2011,5,9.238103418,-75.72262112,23586,23586,354,864,12,1230,11873,15073
25,592,QUEBRADANEGRA,2011,5,5.118234028,-74.47991574,25592,25592,594,71,267,932,6084,4738
25,594,QUETAME,2011,5,4.329845695,-73.86293527,25594,25594,181,72,6,259,6381,7141
63,594,QUIMBAYA,2011,5,4.624556406,-75.76359431,63594,63594,566,3708,22,4296,30531,34948
66,594,QUINCHÍA,2011,5,5.340974519,-75.73064416,66594,66594,9975,1045,1894,12914,31031,33757
15,580,QUÍPAMA,2011,5,5.52298511,-74.18123629,15580,15580,364,88,5,457,10981,7874
25,596,QUIPILE,2011,5,4.74473436,-74.53345106,25596,25596,1785,215,38,2038,10314,8164
54,599,RAGONVALIA,2011,5,7.577462278,-72.47601923,54599,54599,171,122,8,301,6193,6891
15,599,RAMIRIQUÍ,2011,5,5.401177771,-73.33546555,15599,15599,116,122,12,250,9869,10015
15,600,RÁQUIRA,2011,5,5.538737936,-73.63228856,15600,15600,4,33,0,37,7119,13588
85,279,RECETOR,2011,5,5.229148277,-72.76090722,85279,85279,1742,225,830,2797,2168,4070
13,580,REGIDOR,2011,5,8.665499602,-73.82315137,13580,13580,1729,872,1083,3684,0,10489
5,604,REMEDIOS,2011,5,7.028793587,-74.6904628,5604,5604,8203,1428,2081,11712,18025,29199
47,605,REMOLINO,2011,5,10.70184738,-74.71654494,47605,47605,12096,875,4407,17378,12256,8150
8,606,REPELÓN,2006,5,10.49430706,-75.12459136,8606,8606,831,330,251,1412,19603,26099
50,606,RESTREPO,2011,5,4.261279015,-73.56351652,50606,50606,776,2115,257,3148,9225,10599
76,606,RESTREPO,2011,5,3.825400208,-76.52086994,76606,76606,846,1630,436,2912,12789,16232
5,607,RETIRO,2011,5,6.063242582,-75.50201058,5607,5607,384,1787,269,2440,11384,19108
52,612,RICAURTE,2011,5,1.211227702,-77.99399223,52612,52612,3590,2104,7072,12766,8975,18666
25,612,RICAURTE,2006,5,4.281993346,-74.77275473,25612,25612,49,303,0,352,6078,9441
70,204,RICAURTE (COLOSO),2011,5,9.4909973,-75.35608775,70204,70204,20188,706,4215,25109,9153,5838
20,614,RÍO DE ORO,2011,5,8.292019632,-73.38657859,20614,20614,1345,1024,434,2803,13207,14041
13,600,RÍO VIEJO,2011,5,8.589184726,-73.83767446,13600,13600,9758,868,2644,13270,22963,18076
73,616,RIOBLANCO,2011,5,3.530213777,-75.64468414,73616,73616,24074,494,3726,28294,27154,24553
76,616,RIOFRÍO,2011,5,4.15693949,-76.28860021,76616,76616,3154,2577,762,6493,17093,14725
44,1,RIOHACHA,2011,5,11.52912543,-72.91227125,44001,44001,12215,39130,24906,76251,85656,259492
5,615,RIONEGRO,2012,5,6.146220061,-75.37625576,5615,5615,1529,14588,286,16403,69872,120249
68,615,RIONEGRO,2011,5,7.263213644,-73.14904429,68615,68615,7053,1827,478,9358,29899,27114
17,614,RIOSUCIO,2011,5,5.423953475,-75.70231885,17614,17614,6320,1284,2868,10472,44678,61535
27,615,RIOSUCIO,2011,5,7.433382754,-77.11110984,27615,27615,74710,1387,20369,96466,28226,28832
17,616,RISARALDA,2011,5,5.163452975,-75.7679946,17616,17616,781,755,16,1552,21004,9583
41,615,RIVERA,2011,5,2.777896833,-75.25485877,41615,41615,1412,2191,84,3687,12073,18796
20,621,ROBLES,2011,5,10.38646779,-73.17269131,20621,20621,9099,5326,4088,18513,19874,22815
76,622,ROLDANILLO,2011,5,4.413548394,-76.15103159,76622,76622,2085,1402,345,3832,31857,32781
73,622,RONCESVALLES,2011,5,4.011227519,-75.60613905,73622,73622,3303,123,75,3501,7792,6331
15,621,RONDÓN,2011,5,5.357036039,-73.20859521,15621,15621,50,46,0,96,3865,2822
19,622,ROSAS,2011,5,2.261720052,-76.73887997,19622,19622,2854,1351,318,4523,10132,13302
73,624,ROVIRA,2011,5,4.239483306,-75.24068313,73624,73624,11041,1649,1191,13881,25060,20641
68,655,SABANA DE TORRES,2012,5,7.392779673,-73.49789995,68655,68655,7995,2490,891,11376,21403,18652
8,634,SABANAGRANDE,2011,5,10.79076785,-74.7568487,8634,8634,407,4835,20,5262,14311,31678
5,628,SABANALARGA,2011,5,6.853533164,-75.81416599,5628,5628,3478,1538,2155,7171,7208,8191
8,638,SABANALARGA,2012,5,10.63383341,-74.92062512,8638,8638,869,3734,75,4678,58197,98169
85,300,SABANALARGA,2011,5,4.853360442,-73.03917574,85300,85300,218,299,54,571,3051,2987
5,631,SABANETA,2011,5,6.150885453,-75.61529813,5631,5631,284,2136,0,2420,24249,51860
15,632,SABOYÁ,2011,5,5.698187077,-73.76459348,15632,15632,48,27,0,75,14127,12372
85,315,SÁCAMA,2011,5,6.097899116,-72.24889357,85315,85315,764,456,315,1535,997,2001
15,638,SÁCHICA,2011,5,5.583030121,-73.54252586,15638,15638,7,26,0,33,2735,3791
23,660,SAHAGÚN,2006,5,8.94364755,-75.44521983,23660,23660,1883,4796,150,6829,68655,89867
41,660,SALADOBLANCO,2011,5,1.992595388,-76.04621413,41660,41660,1567,1663,28,3258,8250,11464
52,520,SALAHONDA,2011,5,2.039887239,-78.65822336,52520,52520,3469,591,1034,5094,7055,15039
17,653,SALAMINA,2011,5,5.402601489,-75.48717096,17653,17653,2724,403,510,3637,25231,16635
47,675,SALAMINA,2011,5,10.4900398,-74.7931441,47675,47675,4018,381,2489,6888,8133,7089
54,660,SALAZAR,2011,5,7.772718285,-72.80876862,54660,54660,1092,262,110,1464,12289,8964
73,671,SALDAÑA,2011,5,3.926797133,-75.01663674,73671,73671,1751,342,29,2122,14607,14447
63,690,SALENTO,2011,5,4.637502683,-75.57061551,63690,63690,485,644,146,1275,6262,7115
5,642,SALGAR,2011,5,5.961162418,-75.97543596,5642,5642,6524,847,1627,8998,20865,17608
15,646,SAMACÁ,2011,5,5.492627404,-73.48597146,15646,15646,48,696,2,746,13214,19907
17,662,SAMANÁ,2011,5,5.413074333,-74.99238026,17662,17662,26806,916,24050,51772,35911,25777
52,678,SAMANIEGO,2011,5,1.334546291,-77.59475731,52678,52678,8636,11810,4563,25009,45112,49545
70,670,SAMPUÉS,2011,5,9.182439329,-75.37917964,70670,70670,1242,4272,86,5600,24547,37925
41,668,SAN AGUSTÍN,2011,5,1.881472149,-76.27081355,41668,41668,4633,2560,518,7711,23402,32894
20,710,SAN ALBERTO,2011,5,7.761547319,-73.39405732,20710,20710,7532,1879,476,9887,13989,24652
68,669,SAN ANDRÉS,2011,5,6.812513715,-72.84883476,68669,68669,812,69,36,917,13854,8540
88,1,SAN ANDRÉS,2010,5,12.58298842,-81.69604148,88001,88001,68,261,0,329,38069,71305
5,647,SAN ANDRÉS DE CUERQUÍA,2011,5,6.917505715,-75.67546803,5647,5647,2547,697,579,3823,8456,6226
23,670,SAN ANDRÉS DE SOTAVENTO,2011,5,9.14522008,-75.50869797,23670,23670,3554,2395,83,6032,49492,42747
47,660,SAN ÁNGEL,2011,5,10.03251902,-74.21396122,47660,47660,14916,658,1790,17364,0,16865
23,672,SAN ANTERO,2011,5,9.370932545,-75.76220197,23672,23672,1158,729,28,1915,15875,31365
73,675,SAN ANTONIO,2011,5,3.914292034,-75.47965064,73675,73675,11646,691,225,12562,19319,14400
25,645,SAN ANTONIO DEL TEQUENDAMA,2011,5,4.616074117,-74.35181631,25645,25645,216,329,12,557,9824,13084
68,673,SAN BENITO,2011,5,6.126606981,-73.50947416,68673,68673,243,15,10,268,3759,3986
70,678,SAN BENITO ABAD,2011,5,8.929924408,-75.03136903,70678,70678,10000,2821,4827,17648,18963,25442
25,649,SAN BERNARDO,2011,5,4.179442102,-74.42298616,25649,25649,656,197,12,865,15293,10670
52,685,SAN BERNARDO,2011,5,1.514431045,-77.04708963,52685,52685,500,335,45,880,0,19201
23,675,SAN BERNARDO DEL VIENTO,2011,5,9.353877993,-75.95404449,23675,23675,3384,1654,76,5114,26305,34782
54,670,SAN CALIXTO,2011,5,8.398315286,-73.20669102,54670,54670,7230,981,6459,14670,23290,13514
5,649,SAN CARLOS,2011,5,6.187976407,-74.9930024,5649,5649,27583,1432,10179,39194,18962,27104
23,678,SAN CARLOS,2011,5,8.799219106,-75.69902876,23678,23678,880,1724,176,2780,26616,16064
50,680,SAN CARLOS DE GUAROA,2011,5,3.710534484,-73.24158942,50680,50680,986,767,20,1773,4235,9581
54,673,SAN CAYETANO,2011,5,7.877279388,-72.62504029,54673,54673,134,314,0,448,2954,5424
13,620,SAN CRISTÓBAL,2011,5,10.3939444,-75.0647574,13620,13620,620,399,13,1032,0,6669
20,750,SAN DIEGO,2011,5,10.33369278,-73.1807288,20750,20750,8597,4475,6875,19947,14212,13376
15,660,SAN EDUARDO,2011,5,5.224206617,-73.07660264,15660,15660,206,38,3,247,3313,1862
13,647,SAN ESTANISLAO DE KOSTKA,2011,5,10.39879976,-75.15279036,13647,13647,796,166,359,1321,13202,16257
94,883,SAN FELIPE,1993,5,1.911797409,-67.06595213,94883,94883,178,3,1,182,670,2050
13,650,SAN FERNANDO,2011,5,9.216408067,-74.32927081,13650,13650,554,159,9,722,11241,13753
5,652,SAN FRANCISCO,2011,5,5.964172393,-75.10185297,5652,5652,13150,1588,6043,20781,0,5318
86,755,SAN FRANCISCO,2011,5,1.176740265,-76.87589203,86755,86755,568,1132,460,2160,5592,7083
25,658,SAN FRANCISCO,2011,5,4.972483261,-74.28969763,25658,25658,125,885,0,1010,6467,9586
27,1,SAN FRANCISCO DE QUIBDO,2011,5,5.692349465,-76.65112463,27001,27001,19183,70189,22434,111806,111469,115711
68,679,SAN GIL,2008,5,6.556031538,-73.13747787,68679,68679,281,1055,17,1353,33351,45445
13,654,SAN JACINTO,2011,5,9.830657753,-75.1217448,13654,13654,16385,2470,18207,37062,24075,21536
13,655,SAN JACINTO DEL CAUCA,2011,5,8.249349771,-74.72202734,13655,13655,2637,887,845,4369,0,13426
5,656,SAN JERÓNIMO,2011,5,6.443063792,-75.72781783,5656,5656,753,638,48,1439,10361,12635
68,682,SAN JOAQUÍN,2011,5,6.427549037,-72.86770325,68682,68682,157,45,15,217,4099,2488
17,665,SAN JOSÉ,2011,5,5.082642862,-75.79165099,17665,17665,333,319,23,675,0,7588
52,621,SAN JOSÉ,2011,5,1.696986918,-78.24467611,52621,52621,8856,123,3367,12346,18674,22131
52,19,SAN JOSÉ,2011,5,1.473940616,-77.08125969,52019,52019,1084,550,314,1948,9343,22613
41,359,SAN JOSÉ DE ISNOS,2011,5,1.930355777,-76.21454183,41359,41359,4365,2312,1200,7877,16731,27144
5,658,SAN JOSÉ DE LA MONTAÑA,2011,5,6.849741207,-75.68408219,5658,5658,797,398,73,1268,2898,3336
68,684,SAN JOSÉ DE MIRANDA,2011,5,6.65866422,-72.73338212,68684,68684,180,25,0,205,7127,4346
15,664,SAN JOSÉ DE PARE,2011,5,6.018791744,-73.54617324,15664,15664,68,186,3,257,6451,5221
23,682,SAN JOSÉ DE URÉ,2011,5,7.786983639,-75.53485499,23682,23682,1696,1574,3525,6795,0,10993
18,610,SAN JOSÉ DEL FRAGUA,2011,5,1.331725838,-75.97366185,18610,18610,14195,1789,2498,18482,5056,14921
95,1,SAN JOSÉ DEL GUAVIARE,2008,5,2.567205359,-72.63969014,95001,95001,26213,13655,21248,61116,34372,64555
27,660,SAN JOSÉ DEL PALMAR,2011,5,4.894671238,-76.23566964,27660,27660,7254,512,635,8401,7616,4822
50,683,SAN JUAN DE ARAMA,2011,5,3.372283321,-73.87499021,50683,50683,5525,1236,2101,8862,10178,8837
52,1,SAN JUAN DE PASTO,2011,5,1.212839424,-77.27812499,52001,52001,5147,65728,7021,77896,281207,439993
25,662,SAN JUAN DE RIOSECO,2011,5,4.847253153,-74.62165591,25662,25662,2464,426,260,3150,11729,9670
5,659,SAN JUAN DE URABÁ,2011,5,8.759490606,-76.52888979,5659,5659,10301,9844,2865,23010,0,25168
44,650,SAN JUAN DEL CESAR,2011,5,10.77073498,-73.00170139,44650,44650,5909,3029,13657,22595,34602,37327
13,657,SAN JUAN NEPOMUCENO,2011,5,9.951381277,-75.0836663,13657,13657,10225,2485,18006,30716,29308,33466
50,686,SAN JUANITO,2011,5,4.458223603,-73.67630237,50686,50686,597,52,80,729,1917,2165
52,687,SAN LORENZO,2011,5,1.50315632,-77.21540051,52687,52687,1174,2138,26,3338,13557,19849
5,660,SAN LUIS,2011,5,6.042865254,-74.99439223,5660,5660,17676,3699,14426,35801,13981,10939
73,678,SAN LUIS,2011,5,4.133014492,-75.09528352,73678,73678,2721,474,338,3533,15446,19164
50,223,SAN LUIS DE CUBARRAL,2011,5,3.793034197,-73.84096296,50223,50223,821,993,611,2425,7880,5946
15,667,SAN LUIS DE GACENO,2011,5,4.818705081,-73.16887227,15667,15667,629,304,27,960,7371,5120
85,325,SAN LUIS DE PALENQUE,2011,5,5.421839576,-71.73122989,85325,85325,841,257,60,1158,6781,7767
70,708,SAN MARCOS,2011,5,8.662089723,-75.12887786,70708,70708,4265,3764,151,8180,34818,57071
20,770,SAN MARTÍN,2011,5,8.00439772,-73.51298328,20770,20770,3732,2910,907,7549,13224,18548
50,689,SAN MARTÍN,2011,5,3.701610526,-73.69597218,50689,50689,2675,6426,334,9435,24801,24670
13,667,SAN MARTÍN DE LOBA,2011,5,8.936985918,-74.03776811,13667,13667,7468,978,2685,11131,24275,17295
15,673,SAN MATEO,2011,5,6.401834213,-72.55494287,15673,15673,488,20,6,514,9610,3682
86,757,SAN MIGUEL,1996,0,0.273017004,-76.84534328,86757,86757,19479,1551,3675,24705,0,26551
68,686,SAN MIGUEL,2011,5,6.576217487,-72.64533693,68686,68686,153,11,0,164,4485,2379
15,676,SAN MIGUEL DE SEMA,2011,5,5.517729429,-73.72199248,15676,15676,6,41,0,47,4153,4556
70,713,SAN ONOFRE,2011,5,9.736821,-75.52556229,70713,70713,26098,3200,20394,49692,45007,50214
13,670,SAN PABLO,2011,5,7.477475436,-73.92455783,13670,13670,21677,9063,18492,49232,17962,17492
52,693,SAN PABLO,2011,5,1.669158039,-77.01272834,52693,52693,2012,489,257,2758,21160,33291
15,681,SAN PABLO DE BORBUR,2011,5,5.659017758,-74.06659233,15681,15681,676,130,17,823,7593,10524
70,717,SAN PEDRO,2011,5,9.396083795,-75.06375581,70717,70717,2887,4511,861,8259,15521,16038
76,670,SAN PEDRO,2011,5,3.994626385,-76.22921311,76670,76670,1617,1735,2086,5438,13057,18133
52,694,SAN PEDRO DE CARTAGO,2011,5,1.552084935,-77.12074197,52694,52694,212,226,11,449,0,7539
5,664,SAN PEDRO DE LOS MILAGROS,2011,5,6.461318284,-75.56063112,5664,5664,6644,2741,644,10029,13893,26592
5,665,SAN PEDRO DE URABÁ,2011,5,8.278064307,-76.38256213,5665,5665,19259,11712,8179,39150,21746,31280
23,686,SAN PELAYO,2011,5,8.956667287,-75.8352684,23686,23686,1366,4364,755,6485,34280,43584
5,667,SAN RAFAEL,2011,5,6.293949736,-75.02824952,5667,5667,16871,1845,10898,29614,18866,12980
5,670,SAN ROQUE,2011,5,6.485655615,-75.01948573,5670,5670,4388,1032,3881,9301,18985,16789
19,693,SAN SEBASTIÁN,2011,5,1.838678626,-76.76983252,19693,19693,3304,112,36,3452,10065,13924
47,692,SAN SEBASTIÁN DE BUENAVISTA,2011,5,9.240824405,-74.35139556,47692,47692,1254,329,67,1650,15953,17483
73,443,SAN SEBASTIÁN DE MARIQUITA,2011,5,5.20016963,-74.88933547,73443,73443,1842,1925,335,4102,29096,33309
5,674,SAN VICENTE,2011,5,6.281540108,-75.3320598,5674,5674,5743,882,2538,9163,21099,17197
68,689,SAN VICENTE DE CHUCURÍ,2012,5,6.87981334,-73.41001828,68689,68689,8748,2071,1124,11943,54101,34640
18,753,SAN VICENTE DEL CAGUÁN,2011,5,2.113417738,-74.77195969,18753,18753,40436,3675,5397,49508,30952,67994
47,703,SAN ZENÓN,2011,5,9.244007073,-74.49973383,47703,47703,434,130,21,585,8972,9107
52,683,SANDONÁ,2011,5,1.285591892,-77.47026741,52683,52683,968,2585,257,3810,27742,25685
47,707,SANTA ANA,2011,5,9.322469287,-74.56778092,47707,47707,1766,809,121,2696,33705,25938
5,679,SANTA BÁRBARA,2011,5,5.874488592,-75.56750733,5679,5679,2044,1605,1059,4708,27716,22076
68,705,SANTA BÁRBARA,2011,5,6.990541297,-72.90668294,68705,68705,262,17,1,280,2465,2137
47,720,SANTA BÁRBARA DE PINTO,2011,5,9.433646888,-74.70362605,47720,47720,519,683,31,1233,0,12610
13,673,SANTA CATALINA,2011,5,10.60485463,-75.28739898,13673,13673,789,324,178,1291,16848,13169
23,417,SANTA CRUZ DE LORICA,2012,5,9.2403681,-75.81688954,23417,23417,4073,4022,127,8222,95277,118237
5,42,SANTA FÉ DE ANTIOQUIA,2011,5,6.558643976,-75.82725371,5042,5042,2645,1401,791,4837,20122,24549
27,250,SANTA GENOVEVA DE DOCORDÓ,2011,5,4.25519589,-77.36385534,27250,27250,8276,92,1362,9730,0,15251
68,720,SANTA HELENA DEL OPÓN,2011,5,6.338698493,-73.61627894,68720,68720,1715,165,53,1933,4954,4304
73,686,SANTA ISABEL,2011,5,4.714067826,-75.09751129,73686,73686,3251,264,158,3673,7711,6382
8,675,SANTA LUCÍA,2011,5,10.3242207,-74.95969368,8675,8675,108,520,2,630,12124,11584
15,690,SANTA MARÍA,2011,5,4.857600641,-73.26325876,15690,15690,218,176,24,418,6342,3980
41,676,SANTA MARÍA,2011,5,2.939026358,-75.58668683,41676,41676,2337,958,61,3356,9172,11348
47,1,SANTA MARTA,2010,5,11.22570314,-74.18839705,47001,47001,35085,143341,59036,237462,233267,483865
27,580,SANTA RITA,2011,5,5.185466721,-76.47233806,27580,27580,1514,110,669,2293,0,9695
19,701,SANTA ROSA,2011,5,1.7030252,-76.57382342,19701,19701,5362,245,303,5910,7782,10480
66,682,SANTA ROSA DE CABAL,2011,5,4.876508599,-75.62407439,66682,66682,808,4905,108,5821,64445,72230
13,683,SANTA ROSA DE LIMA,2011,5,10.44547272,-75.36910243,13683,13683,8212,3159,2739,14110,9609,22592
5,686,SANTA ROSA DE OSOS,2011,5,6.645172496,-75.46007968,5686,5686,1940,1721,210,3871,25537,35650
15,693,SANTA ROSA DE VITERBO,2011,5,5.874738604,-72.98238636,15693,15693,44,217,0,261,11399,13403
13,688,SANTA ROSA DEL SUR,2011,5,7.963478802,-74.05059886,13688,13688,6169,3900,8832,18901,14377,42003
99,624,SANTA ROSALÍA,2011,5,5.131103594,-70.86371082,99624,99624,712,188,45,945,1536,4012
15,696,SANTA SOFÍA,2011,5,5.714576959,-73.60218054,15696,15696,21,30,0,51,3454,2704
15,686,SANTANA,2011,5,6.057468817,-73.48212726,15686,15686,142,168,0,310,7011,7692
19,698,SANTANDER DE QUILICHAO,2008,5,3.011287968,-76.48534589,19698,19698,5681,17132,1333,24146,56432,93545
54,680,SANTIAGO,2011,5,7.865390222,-72.71645823,54680,54680,174,38,2,214,2796,2823
86,760,SANTIAGO,2011,5,1.146570094,-77.00251141,86760,86760,870,794,982,2646,6956,10428
76,1,SANTIAGO DE CALI,2011,5,3.417586541,-76.52233247,76001,76001,17084,148077,3177,168338,1418459,2369821
70,820,SANTIAGO DE TOLÚ,2011,5,9.50881496,-75.58811834,70820,70820,1627,1488,1461,4576,28449,33296
5,690,SANTO DOMINGO,2011,5,6.472524833,-75.165171,5690,5690,3259,873,1193,5325,15233,10416
8,685,SANTO TOMÁS,2011,5,10.75904064,-74.75536807,8685,8685,180,3090,10,3280,18452,25326
66,687,SANTUARIO,2011,5,5.074897415,-75.96439297,66687,66687,2494,1597,1148,5239,16498,15721
52,720,SAPUYES,2011,5,1.037711843,-77.62097815,52720,52720,69,40,0,109,6622,6355
81,736,SARAVENA,2012,5,6.953877941,-71.87394948,81736,81736,13963,12151,1663,27777,24417,47203
54,720,SARDINATA,2011,5,8.084233658,-72.80006112,54720,54720,10204,1708,3810,15722,22965,22632
25,718,SASAIMA,2011,5,4.962113974,-74.43294791,25718,25718,650,634,26,1310,9475,10688
15,720,SATIVANORTE,2011,5,6.131333828,-72.70812666,15720,15720,73,17,1,91,4353,2339
15,723,SATIVASUR,2011,5,6.093489232,-72.71218171,15723,15723,21,11,0,32,1364,1110
5,736,SEGOVIA,2011,5,7.079920327,-74.69930004,5736,5736,12539,3141,1070,16750,24544,40174
25,736,SESQUILÉ,2011,5,5.045195339,-73.79673518,25736,25736,63,120,0,183,5940,13936
76,736,SEVILLA,2012,5,4.270445341,-75.93156984,76736,76736,3850,2438,672,6960,53450,45143
15,740,SIACHOQUE,2011,5,5.511019001,-73.24518859,15740,15740,11,13,0,24,7813,8964
25,740,SIBATÉ,2011,5,4.487871343,-74.25874939,25740,25740,243,1163,12,1418,21802,38412
86,749,SIBUNDOY,2011,5,1.203158373,-76.92099511,86749,86749,858,6015,186,7059,9991,14136
54,743,SILOS,2011,5,7.204225784,-72.75698757,54743,54743,189,21,0,210,6645,4445
25,743,SILVANIA,2011,5,4.381539981,-74.40579382,25743,25743,2819,1444,558,4821,17542,21984
19,743,SILVIA,2011,5,2.611053922,-76.38245412,19743,19743,1902,337,132,2371,26221,32159
68,745,SIMACOTA,2011,5,6.443472237,-73.33740933,68745,68745,4387,357,221,4965,10891,7789
25,745,SIMIJACA,2011,5,5.504778752,-73.85010212,25745,25745,54,99,0,153,8425,13077
13,744,SIMITÍ,2011,5,7.955220135,-73.94636611,13744,13744,13544,1529,3858,18931,15588,20271
70,742,SINCÉ,2011,5,9.244482443,-75.14667204,70742,70742,1328,2681,160,4169,25528,33688
70,1,SINCELEJO,2011,5,9.300455215,-75.39599606,70001,70001,7662,144112,5000,156774,142152,275207
27,745,SIPÍ,2011,5,4.65307841,-76.64423947,27745,27745,3029,61,1568,4658,3331,4048
47,745,SITIONUEVO,2011,5,10.78073791,-74.72310508,47745,47745,17668,1749,3771,23188,19961,31706
25,754,SOACHA,2008,5,4.576528855,-74.2155111,25754,25754,2702,55044,607,58353,132758,511262
15,753,SOATÁ,2011,5,6.33332448,-72.68342065,15753,15753,137,71,6,214,17676,7255
15,757,SOCHA,2011,5,5.99685875,-72.69162654,15757,15757,217,159,11,387,9037,7140
68,755,SOCORRO,2006,5,6.463690974,-73.26113096,68755,68755,321,1141,25,1487,24013,30577
15,755,SOCOTÁ,2011,5,6.040847786,-72.63650787,15755,15755,650,48,54,752,12740,8128
15,759,SOGAMOSO,2008,5,5.724862053,-72.9232369,15759,15759,424,4025,23,4472,87796,113295
18,756,SOLANO,2011,5,0.699161193,-75.2533439,18756,18756,13278,619,1017,14914,11348,23663
8,758,SOLEDAD,2010,5,10.90617979,-74.793567,8758,8758,2405,62128,170,64703,177738,615492
18,785,SOLITA,2011,5,0.872398244,-75.62013109,18785,18785,12511,2226,1212,15949,0,9140
15,761,SOMONDOCO,2011,5,4.985809392,-73.43331223,15761,15761,68,87,1,156,4687,3632
5,756,SONSÓN,2011,5,5.712788054,-75.31030244,5756,5756,13052,3543,10231,26826,40145,35405
5,761,SOPETRÁN,2011,5,6.503132204,-75.74593737,5761,5761,1134,888,54,2076,13050,14696
13,760,SOPLAVIENTO,2011,5,10.39052256,-75.13570548,13760,13760,260,229,7,496,12237,8441
25,758,SOPÓ,2011,5,4.906942437,-73.93888529,25758,25758,54,326,0,380,9499,26769
15,762,SORA,2011,5,5.566856541,-73.44986726,15762,15762,3,5,0,8,3014,3025
15,764,SORACÁ,2011,5,5.501084317,-73.3328155,15764,15764,11,36,0,47,5592,5353
15,763,SOTAQUIRÁ,2011,5,5.765166352,-73.24722618,15763,15763,19,54,0,73,7960,7709
52,418,SOTOMAYOR,2011,5,1.49420522,-77.52108754,52418,52418,2883,3851,5411,12145,16482,19414
68,770,SUAITA,2011,5,6.098353143,-73.44031622,68770,68770,464,329,20,813,12864,10277
8,770,SUAN,2011,5,10.33369849,-74.88012314,8770,8770,103,635,9,747,10058,8752
19,780,SUÁREZ,2011,5,2.954521811,-76.69508051,19780,19780,5908,1035,14585,21528,4801,4555
73,770,SUÁREZ,2011,5,4.047599753,-74.83181686,73770,73770,199,100,9,308,0,18656
41,770,SUAZA,2011,5,1.976934415,-75.79465715,41770,41770,2038,3742,44,5824,9359,18968
25,769,SUBACHOQUE,2011,5,4.929068941,-74.17252832,25769,25769,51,195,0,246,18559,16117
19,785,SUCRE,2011,5,2.038398196,-76.92530555,19785,19785,2877,463,48,3388,0,8886
68,773,SUCRE,2011,5,5.919032578,-73.79149045,68773,68773,1951,67,120,2138,14595,8397
70,771,SUCRE,2011,5,8.813572579,-74.72206664,70771,70771,13336,1740,3672,18748,21950,22386
25,772,SUESCA,2011,5,5.103436926,-73.79836105,25772,25772,8,210,0,218,9864,17318
25,777,SUPATÁ,2011,5,5.06181224,-74.23583581,25777,25777,96,36,5,137,5841,5022
17,777,SUPÍA,2011,5,5.446099934,-75.64946621,17777,17777,1371,1588,134,3093,21338,26728
68,780,SURATÁ,2011,5,7.366583845,-72.98448374,68780,68780,1924,177,254,2355,5339,3295
25,779,SUSA,2011,5,5.454985672,-73.81396456,25779,25779,14,2,0,16,6236,12302
15,774,SUSACÓN,2011,5,6.230774737,-72.68978803,15774,15774,170,6,0,176,4107,3095
15,776,SUTAMARCHÁN,2011,5,5.620143909,-73.62056371,15776,15776,12,59,0,71,4880,5916
25,781,SUTATAUSA,2011,5,5.247368962,-73.85300839,25781,25781,0,178,0,178,3868,5564
15,778,SUTATENZA,2011,5,5.023242631,-73.45204672,15778,15778,12,58,0,70,5540,4086
25,785,TABIO,2011,5,4.917722828,-74.09697338,25785,25785,31,346,0,377,9034,27033
27,787,TADÓ,2011,5,5.265425993,-76.55477631,27787,27787,6780,877,5830,13487,23969,18906
13,780,TALAIGUA NUEVO,2011,5,9.305402808,-74.56791185,13780,13780,677,913,21,1611,22360,11350
20,787,TAMALAMEQUE,2011,5,8.8623923,-73.81185017,20787,20787,2434,1469,257,4160,12185,13862
85,400,TÁMARA,2011,5,5.830052119,-72.16293115,85400,85400,1659,78,313,2050,6931,7044
81,794,TAME,2011,5,6.457691747,-71.74061319,81794,81794,32641,5062,17150,54853,25253,52768
5,789,TÁMESIS,2011,5,5.665176758,-75.71422154,5789,5789,1576,413,152,2141,20544,14732
52,786,TAMINANGO,2011,5,1.570127638,-77.28072792,52786,52786,1794,12765,254,14813,16651,20537
52,788,TANGUA,2011,5,1.094534348,-77.39443729,52788,52788,1804,468,116,2388,10295,9629
97,666,TARAIRA,2011,5,-0.564700182,-69.63405375,97666,97666,85,25,9,119,811,976
91,798,TARAPACÁ,2011,5,-2.891380692,-69.74165189,91798,91798,100,27,24,151,1788,4195
5,790,TARAZÁ,2011,5,7.581611353,-75.399711,5790,5790,18810,7032,9051,34893,14572,42641
41,791,TARQUI,2011,5,2.111456151,-75.8243982,41791,41791,1123,1677,1161,3961,12528,17604
5,792,TARSO,2011,5,5.864841083,-75.8227935,5792,5792,452,154,10,616,6790,7776
15,790,TASCO,2011,5,5.910719847,-72.7805494,15790,15790,65,95,0,160,9239,6361
85,410,TAURAMENA,2011,5,5.014150559,-72.74897432,85410,85410,2591,1324,1198,5113,8393,22076
25,793,TAUSA,2011,5,5.195683508,-73.88759181,25793,25793,22,20,0,42,6763,8801
41,799,TELLO,2011,5,3.06742823,-75.1392351,41799,41799,4447,541,321,5309,12333,14195
25,797,TENA,2011,5,4.655348025,-74.38932332,25797,25797,146,300,0,446,6310,8941
47,798,TENERIFE,2011,5,9.898272893,-74.85760389,47798,47798,6586,1003,2284,9873,21366,12243
25,799,TENJO,2011,5,4.871715773,-74.14345182,25799,25799,31,573,0,604,11676,19849
15,798,TENZA,2011,5,5.076831566,-73.42165115,15798,15798,6,16,0,22,5586,4112
54,800,TEORAMA,2011,5,8.437233734,-73.28698543,54800,54800,12431,2367,4541,19339,14931,21524
41,801,TERUEL,2011,5,2.741255461,-75.56772868,41801,41801,839,591,61,1491,7221,8744
41,797,TESALIA,2011,5,2.485911202,-75.72744344,41797,41797,762,1110,75,1947,11307,9247
25,805,TIBACUY,2011,5,4.347746148,-74.45272832,25805,25805,1321,310,100,1731,5386,4828
15,804,TIBANÁ,2011,5,5.316184465,-73.3967445,15804,15804,56,16,0,72,10970,9186
15,806,TIBASOSA,2011,5,5.747154143,-72.9996465,15806,15806,8,219,0,227,7851,14063
25,807,TIBIRITA,2011,5,5.052445922,-73.5046538,25807,25807,52,79,0,131,4419,2950
54,810,TIBÚ,2011,5,8.6397177,-72.73591937,54810,54810,53422,2723,9178,65323,33392,36502
23,807,TIERRALTA,2011,5,8.172246548,-76.06231663,23807,23807,70061,7034,35171,112266,61834,99911
41,807,TIMANÁ,2011,5,1.974300102,-75.93234858,41807,41807,1338,1882,13,3233,18456,20319
19,807,TIMBÍO,2011,5,2.352227485,-76.68283126,19807,19807,4463,4360,638,9461,22353,33883
19,809,TIMBIQUÍ,2011,5,2.777273395,-77.66827254,19809,19809,7025,1598,12004,20627,19244,21617
15,808,TINJACÁ,2011,5,5.579019329,-73.6471491,15808,15808,5,23,0,28,2475,3035
15,810,TIPACOQUE,2011,5,6.41502583,-72.69019233,15810,15810,22,0,0,22,5263,3206
5,809,TITIRIBÍ,2011,5,6.062945865,-75.79470812,5809,5809,549,335,34,918,14227,14393
15,814,TOCA,2011,5,5.564266575,-73.18507622,15814,15814,11,42,0,53,8990,10157
25,815,TOCAIMA,2011,5,4.46051851,-74.63707981,25815,25815,604,281,17,902,17758,18387
25,817,TOCANCIPÁ,2011,5,4.964417269,-73.91169297,25817,25817,26,888,0,914,8814,31975
15,816,TOGÜÍ,2011,5,5.93754577,-73.51357192,15816,15816,66,74,0,140,5731,4966
5,819,TOLEDO,2011,5,7.010341916,-75.69216654,5819,5819,2518,478,1227,4223,7689,6374
54,820,TOLEDO,2011,5,7.310152429,-72.48489083,54820,54820,1240,508,53,1801,17302,17283
70,823,TOLÚ VIEJO,2011,5,9.453703143,-75.43951587,70823,70823,13687,3919,3596,21202,16015,18897
68,820,TONA,2011,5,7.202991553,-72.96558488,68820,68820,495,157,12,664,5998,7085
15,820,TÓPAGA,2011,5,5.769343911,-72.83157765,15820,15820,19,26,0,45,3759,3694
25,823,TOPAIPÍ,2011,5,5.335817874,-74.30187572,25823,25823,2246,176,658,3080,6879,4529
19,821,TORIBÍO,2011,5,2.953701969,-76.27049302,19821,19821,6842,1867,6667,15376,17477,29187
76,823,TORO,2011,5,4.607853845,-76.07739112,76823,76823,980,702,20,1702,15772,16392
15,822,TOTA,2011,5,5.560490012,-72.98578747,15822,15822,18,0,0,18,5698,5386
19,824,TOTORÓ,2011,5,2.511197627,-76.39817055,19824,19824,2618,70,42,2730,11965,20123
85,430,TRINIDAD,2011,5,5.411016224,-71.66267865,85430,85430,1311,436,244,1991,8246,14749
76,828,TRUJILLO,2011,5,4.21224386,-76.31876035,76828,76828,4600,1513,959,7072,21422,18103
8,832,TUBARÁ,2012,5,10.87398455,-74.97861141,8832,8832,174,489,1,664,8639,11020
23,815,TUCHÍN,2011,5,9.186539188,-75.55514696,23815,23815,571,883,63,1517,0,37716
76,834,TULUÁ,2008,5,4.085358464,-76.1971756,76834,76834,10449,15352,13822,39623,122581,211588
52,835,TUMACO,2012,5,1.761333678,-78.78154404,52835,52835,43704,17029,82390,143123,97999,199659
15,1,TUNJA,2011,5,5.540777415,-73.35512117,15001,15001,237,3550,12,3799,93966,188380
15,832,TUNUNGUÁ,2011,5,5.730407979,-73.93303506,15832,15832,69,5,3,77,1791,1840
52,838,TÚQUERRES,2011,5,1.086639011,-77.61785363,52838,52838,687,1252,145,2084,40285,40599
13,836,TURBACO,2012,5,10.33579029,-75.41554691,13836,13836,2142,4470,1141,7753,36178,72168
13,838,TURBANÁ,2011,5,10.27356761,-75.44164166,13838,13838,557,200,45,802,10016,14883
5,837,TURBO,2012,5,8.094096738,-76.72643183,5837,5837,72127,53607,56110,181844,72876,159268
15,835,TURMEQUÉ,2011,5,5.323456226,-73.49125005,15835,15835,11,15,0,26,7855,6182
15,837,TUTA,2011,5,5.690070099,-73.2282664,15837,15837,24,61,0,85,7469,9673
15,839,TUTAZÁ,2011,5,6.032475912,-72.85634776,15839,15839,103,5,3,111,2574,1890
25,839,UBALÁ,2011,5,4.748177194,-73.53230677,25839,25839,830,129,56,1015,15849,10718
25,841,UBAQUE,2011,5,4.483788969,-73.93417373,25841,25841,228,155,0,383,7895,6166
76,845,ULLOA,2011,5,4.702861426,-75.73875523,76845,76845,250,348,7,605,6050,5455
15,842,ÚMBITA,2011,5,5.217753075,-73.45745267,15842,15842,79,110,0,189,9455,10314
25,845,UNE,2011,5,4.402603758,-74.02520707,25845,25845,267,131,126,524,7012,9196
27,800,UNGUÍA,2011,5,8.043632715,-77.09322948,27800,27800,10828,2610,8003,21441,12637,15126
5,842,URAMITA,2011,5,6.898876985,-76.17468856,5842,5842,4811,1799,2462,9072,8369,8238
50,370,URIBE,2011,5,3.238327068,-74.35067139,50370,50370,8441,495,360,9296,0,16155
44,847,URIBIA,2011,5,11.71494713,-72.26551545,44847,44847,1773,558,1234,3565,55683,174287
5,847,URRAO,2011,5,6.314001176,-76.13224047,5847,5847,22570,4930,18222,45722,28080,44648
44,855,URUMITA,2011,5,10.55998334,-73.01337169,44855,44855,1890,2262,1070,5222,10535,17910
8,849,USIACURÍ,2012,5,10.74277732,-74.97693311,8849,8849,31,120,0,151,6270,9390
25,851,ÚTICA,2011,5,5.189008401,-74.48305712,25851,25851,545,572,115,1232,5289,5008
5,854,VALDIVIA,2011,5,7.163137681,-75.43971192,5854,5854,7222,4836,1394,13452,12271,22179
23,855,VALENCIA,2011,5,8.257266174,-76.14990901,23855,23855,19769,8925,15405,44099,23523,42971
68,855,VALLE DE SAN JOSÉ,2011,5,6.448009474,-73.14357671,68855,68855,75,153,11,239,4983,4670
73,854,VALLE DE SAN JUAN,2011,5,4.197485032,-75.11558955,73854,73854,932,245,367,1544,6052,6355
20,1,VALLEDUPAR,2011,5,10.4618934,-73.25851704,20001,20001,32436,83963,51286,167685,195314,453215
5,856,VALPARAÍSO,2011,5,5.614698523,-75.6247152,5856,5856,431,272,9,712,8417,6174
18,860,VALPARAÍSO,2011,5,1.197615252,-75.70536628,18860,18860,13666,1108,2887,17661,9548,11629
5,858,VEGACHÍ,2011,5,6.771813274,-74.79753386,5858,5858,4605,1219,801,6625,13619,9448
68,861,VÉLEZ,2012,5,6.007580561,-73.67452042,68861,68861,709,746,24,1479,17691,19057
73,861,VENADILLO,2011,5,4.714453382,-74.93126608,73861,73861,3207,717,228,4152,15562,19586
5,861,VENECIA,2011,5,5.963085926,-75.7345341,5861,5861,769,474,58,1301,12717,13253
25,506,VENECIA,2011,5,4.089166393,-74.47771953,25506,25506,989,494,34,1517,5029,4060
15,861,VENTAQUEMADA,2011,5,5.369251882,-73.52063241,15861,15861,28,51,0,79,12190,15442
25,862,VERGARA,2011,5,5.11812063,-74.34546781,25862,25862,888,325,122,1335,9979,7677
76,863,VERSALLES,2011,5,4.575820616,-76.1995094,76863,76863,1354,247,51,1652,11813,7215
68,867,VETAS,2011,5,7.309381361,-72.87074132,68867,68867,83,21,0,104,2104,2435
25,867,VIANÍ,2011,5,4.87524411,-74.56148735,25867,25867,579,92,13,684,3832,4191
17,867,VICTORIA,2011,5,5.31747862,-74.9111506,17867,17867,900,662,191,1753,10533,8415
5,873,VIGÍA DEL FUERTE,2011,5,6.588794113,-76.89634759,5873,5873,12087,1816,1737,15640,6999,5586
76,869,VIJES,2011,5,3.69892807,-76.44197669,76869,76869,216,379,0,595,8894,11018
54,871,VILLA CARO,2011,5,7.914369504,-72.97292384,54871,54871,241,133,24,398,5262,5192
15,407,VILLA DE LEYVA,2011,5,5.63623796,-73.52644551,15407,15407,1,258,0,259,5993,16478
25,843,VILLA DE SAN DIEGO DE UBATÉ,2011,5,5.307474366,-73.81445298,25843,25843,88,892,4,984,25376,38809
54,874,VILLA DEL ROSARIO,2011,5,7.849046596,-72.47051925,54874,54874,1982,6411,197,8590,61732,88462
19,845,VILLA RICA,2011,5,3.174922713,-76.46161371,19845,19845,246,856,10,1112,0,16189
86,885,VILLAGARZÓN,2011,5,1.030863064,-76.61465827,86885,86885,11093,5761,2772,19626,17202,21134
25,871,VILLAGÓMEZ,2011,5,5.27318304,-74.19516465,25871,25871,423,36,89,548,2686,2171
73,870,VILLAHERMOSA,2011,5,5.030295445,-75.11778988,73870,73870,4962,347,275,5584,15443,10696
17,873,VILLAMARÍA,2011,5,5.04499164,-75.51388338,17873,17873,689,1768,120,2577,30219,56303
13,873,VILLANUEVA,2011,5,10.44419173,-75.27580809,13873,13873,4083,885,2149,7117,12715,19691
44,874,VILLANUEVA,2011,5,10.60911279,-72.97872775,44874,44874,6396,2397,4514,13307,7316,5858
68,872,VILLANUEVA,2011,5,6.669371065,-73.17432545,68872,68872,53,39,4,96,13492,23859
85,440,VILLANUEVA,2011,5,4.610618197,-72.92716789,85440,85440,2889,2324,619,5832,21953,27657
25,873,VILLAPINZÓN,2011,5,5.21481263,-73.5968136,25873,25873,242,57,476,775,14987,19742
73,873,VILLARRICA,2011,5,3.935800526,-74.60032521,73873,73873,5034,139,282,5455,9989,5449
50,1,VILLAVICENCIO,2011,5,4.12295758,-73.6268779,50001,50001,7725,107365,1584,116674,211866,484471
41,872,VILLAVIEJA,2011,5,3.219240547,-75.21814439,41872,41872,827,310,125,1262,7772,7312
25,875,VILLETA,2011,5,5.00942833,-74.47289332,25875,25875,1003,645,59,1707,20798,25164
25,878,VIOTÁ,2011,5,4.440501767,-74.52295638,25878,25878,6623,982,5128,12733,16672,13351
15,879,VIRACACHÁ,2011,5,5.436707563,-73.2966647,15879,15879,6,21,0,27,4235,3222
50,711,VISTAHERMOSA,2011,5,3.127717111,-73.75127901,50711,50711,30558,1214,10618,42390,20565,25461
17,877,VITERBO,2011,5,5.062864419,-75.87075929,17877,17877,579,725,14,1318,14299,12469
25,885,YACOPÍ,2011,5,5.459539929,-74.33842664,25885,25885,5023,645,657,6325,20028,16951
52,885,YACUANQUER,2011,5,1.115822241,-77.40180994,52885,52885,114,316,9,439,8029,10968
41,885,YAGUARÁ,2011,5,2.664796688,-75.51829617,41885,41885,174,568,1,743,5998,8949
5,885,YALÍ,2012,5,6.668252581,-74.84117476,5885,5885,1685,276,162,2123,7609,8318
5,887,YARUMAL,2011,5,6.9655797,-75.41959841,5887,5887,5601,5595,1660,12856,35605,46865
97,889,YAVARATÉ,1993,0,0.828017309,-69.61593054,97889,97889,0,0,0,0,1024,1240
5,890,YOLOMBÓ,2011,5,6.595378409,-75.01381252,5890,5890,5161,1098,1218,7477,21147,23958
85,1,YOPAL,2012,5,5.332228105,-72.39399425,85001,85001,4917,19675,2748,27340,42671,139736
76,890,YOTOCO,2011,5,3.861066762,-76.38308668,76890,76890,511,763,32,1306,13479,16267
76,892,YUMBO,2010,5,3.540269025,-76.49763915,76892,76892,1275,6973,54,8302,55190,117156
27,50,YUTO,2011,5,5.530826086,-76.63606821,27050,27050,2649,281,197,3127,0,9927
13,894,ZAMBRANO,2011,5,9.748567726,-74.81495997,13894,13894,11551,1018,8554,21123,10468,11611
68,895,ZAPATOCA,2006,5,6.813844067,-73.27085551,68895,68895,906,212,96,1214,11823,8929
5,895,ZARAGOZA,2011,5,7.488149672,-74.86796174,5895,5895,11500,2737,3829,18066,12422,30738
76,895,ZARZAL,2011,5,4.390428466,-76.07174817,76895,76895,1438,1667,45,3150,34243,45234
15,897,ZETAQUIRA,2011,5,5.284346565,-73.17202997,15897,15897,209,152,11,372,6049,4557
25,898,ZIPACÓN,2011,5,4.759850768,-74.37983354,25898,25898,5,116,0,121,3787,5570
25,899,ZIPAQUIRÁ,2012,5,5.023482942,-73.99240307,25899,25899,118,1742,0,1860,60202,122347
